time,latitude,longitude,depth,mag,magType,nst,gap,dmin,rms,net,id,updated,place,type,horizontalError,depthError,magError,magNst,status,locationSource,magSource
2025-02-27T21:06:10.378Z,27.8626,85.9232,10,5,mww,98,26,0.574,0.77,us,us6000pvwf,2025-05-08T19:24:42.040Z,"11 km SSW of Kodāri̇̄, Nepal",earthquake,6.15,1.743,0.075,17,reviewed,us,us
2024-01-07T14:28:32.992Z,28.0886,86.3806,10,4.5,mb,39,106,1.016,0.54,us,us6000m2cb,2024-03-09T21:39:58.040Z,"44 km ENE of Kodāri̇̄, Nepal",earthquake,5.72,1.751,0.08,46,reviewed,us,us
2024-01-07T14:08:34.933Z,28.0794,86.4237,10,4.1,mb,18,121,1.05,0.51,us,us6000m2c9,2024-03-09T21:39:58.040Z,"40 km WNW of Lobuche, Nepal",earthquake,10.64,1.95,0.109,23,reviewed,us,us
2023-12-31T16:36:23.043Z,27.727,85.799,22.322,4.6,mb,60,99,0.466,0.55,us,us6000m0uh,2025-02-28T01:38:53.465Z,"27 km E of Nagarkot, Nepal",earthquake,9.97,2.373,0.064,73,reviewed,us,us
2023-11-22T19:34:26.202Z,27.6889,85.1323,10,3.8,mb,25,167,0.171,0.96,us,us6000lq54,2024-02-01T15:13:42.040Z,"14 km W of Kirtipur, Nepal",earthquake,6.26,1.888,0.141,13,reviewed,us,us
2023-10-22T11:46:45.520Z,27.8519,84.646,26.661,4,mb,24,163,1.92,0.24,us,us7000l6ai,2024-01-04T04:21:52.040Z,"28 km NE of Bharatpur, Nepal",earthquake,8.1,7.286,0.113,21,reviewed,us,us
2023-10-22T01:54:21.100Z,27.8879,84.7252,25.706,5.2,mb,101,29,1.848,0.82,us,us6000lh8c,2024-08-02T09:02:20.213Z,"36 km NE of Bharatpur, Nepal",earthquake,5.82,4.541,0.038,230,reviewed,us,us
2023-04-01T05:42:20.397Z,27.6685,86.1761,10,4.5,mb,37,84,0.806,0.62,us,us6000k1b0,2023-06-03T22:06:16.040Z,"38 km SSE of Kodāri̇̄, Nepal",earthquake,6.89,1.919,0.086,40,reviewed,us,us
2022-10-19T10:08:35.308Z,27.8248,86.0362,22.2,4.2,mb,10,71,0.671,0.9,us,us6000iw2g,2022-12-31T23:03:48.040Z,"16 km SSE of Kod?ri??, Nepal",earthquake,5.95,5.963,0.159,11,reviewed,us,us
2022-10-19T09:22:40.123Z,27.894,86.0386,23.943,4.9,mb,51,56,0.679,0.74,us,us6000iut9,2024-01-18T17:13:59.271Z,"10 km SE of Kod?ri??, Nepal",earthquake,6.4,5.545,0.076,54,reviewed,us,us
2022-08-05T23:41:04.059Z,27.7936,84.9833,10,4.4,mb,42,89,0.262,0.72,us,us6000i8js,2022-10-19T09:42:19.441Z,"31 km WNW of Kirtipur, Nepal",earthquake,7.46,1.901,0.096,31,reviewed,us,us
2022-07-25T00:22:09.402Z,27.8961,85.5825,10,4.3,mb,55,55,0.285,0.63,us,us7000ht82,2022-10-01T22:09:49.040Z,"20 km NNE of Nagarkot, Nepal",earthquake,5.95,1.88,0.085,39,reviewed,us,us
2022-06-10T20:51:21.586Z,27.7199,85.4181,15.03,3.6,mb,19,155,0.146,0.73,us,us7000hgnj,2022-08-13T21:52:08.040Z,"5 km NE of Madhyapur Thimi, Nepal",earthquake,6,5.6,0.151,12,reviewed,us,us
2022-05-21T02:45:09.223Z,28.2186,86.2888,70.83,4.2,mb,22,101,0.529,1.16,us,us6000hmu1,2022-08-02T19:50:36.040Z,"43 km NE of Kod?ri??, Nepal",earthquake,11.9,8.5,0.159,12,reviewed,us,us
2021-10-18T08:11:56.258Z,27.8507,85.7193,10,4.2,mb,,102,0.972,0.57,us,us6000fwqa,2021-12-25T22:58:58.040Z,"24 km NE of Nagarkot, Nepal",earthquake,5.8,1.9,0.099,28,reviewed,us,us
2021-10-18T08:01:37.426Z,27.901,85.8004,10,4.3,mb,,93,5.892,0.58,us,us6000fvsc,2021-12-25T22:58:47.040Z,"16 km WSW of Kod?ri??, Nepal",earthquake,9.5,1.7,0.091,35,reviewed,us,us
2021-10-01T07:09:27.899Z,27.694,86.111,10,4.5,mb,,115,0.674,0.82,us,us6000fscx,2021-12-10T21:14:14.040Z,"33 km SSE of Kod?ri??, Nepal",earthquake,6.2,1.4,0.205,9,reviewed,us,us
2021-09-12T14:56:15.922Z,27.4834,85.9978,10,4.4,mb,,154,8.149,0.52,us,us7000fc3k,2021-11-23T15:10:43.040Z,"47 km ESE of Dhulikhel, Nepal",earthquake,8.5,1.9,0.219,7,reviewed,us,us
2020-09-15T23:34:03.386Z,27.8464,85.8765,10,5.3,mb,,39,0.835,0.85,us,us7000bnsh,2020-11-21T20:10:45.040Z,"14 km SSW of Kod?ri??, Nepal",earthquake,5.6,1.8,0.033,309,reviewed,us,us
2020-05-30T15:51:39.617Z,27.8896,84.8784,10,4.3,mb,,175,1.712,0.51,us,us6000a3bl,2022-08-08T22:58:53.881Z,"45 km WNW of Kirtipur, Nepal",earthquake,6.5,1.9,0.102,27,reviewed,us,us
2020-05-12T18:08:38.863Z,27.7046,86.0378,10,4.9,mb,,42,4.893,0.81,us,us70009ett,2021-04-27T20:21:39.485Z,"29 km SSE of Kod?ri??, Nepal",earthquake,7.8,1.8,0.041,202,reviewed,us,us
2019-12-12T13:26:31.828Z,27.9194,85.7168,10,4.2,mb,,147,0.969,1.18,us,us60006qji,2020-03-04T21:26:57.040Z,"24 km W of Kod?ri??, Nepal",earthquake,8.1,1.9,0.098,29,reviewed,us,us
2019-11-27T16:23:31.706Z,27.7986,85.8214,10,4.6,mb,,96,0.891,0.69,us,us70006dt0,2020-02-19T18:58:13.040Z,"22 km SW of Kod?ri??, Nepal",earthquake,6.1,1.8,0.068,65,reviewed,us,us
2019-05-25T05:17:24.276Z,27.6468,86.3425,10,4.5,mb,,147,4.676,0.64,us,us60003s00,2019-08-13T14:30:35.040Z,"40 km WSW of Namche Bazar, Nepal",earthquake,9.8,1.9,0.075,52,reviewed,us,us
2019-05-17T08:23:37.430Z,27.9487,84.7453,10,4.7,mb,,167,1.828,0.98,us,us70003mg6,2019-08-07T22:03:44.040Z,"42 km NE of Bharatpur, Nepal",earthquake,9.1,1.9,0.083,44,reviewed,us,us
2019-04-24T00:44:31.986Z,27.7651,85.0667,27.34,4.7,mb,,47,1.556,0.71,us,us70003b3q,2019-07-13T18:42:35.040Z,"22 km WNW of Kirtipur, Nepal",earthquake,7,3.7,0.043,165,reviewed,us,us
2018-12-22T23:21:54.860Z,27.7764,85.5548,10,4.1,mb,,172,5.255,0.51,us,us2000iwg3,2019-02-23T20:22:33.040Z,"7 km NNE of Nagarkot, Nepal",earthquake,10.8,1.9,0.096,30,reviewed,us,us
2018-06-28T04:07:47.290Z,27.8919,84.8272,10,4.8,mb,,96,1.757,0.51,us,us2000fpul,2018-09-21T16:25:47.040Z,"45 km ENE of Bharatpur, Nepal",earthquake,7.6,1.9,0.048,131,reviewed,us,us
2017-12-08T02:51:18.860Z,27.7618,86.1471,10,5,mb,,40,4.781,0.68,us,us2000c1xk,2022-05-03T19:01:51.566Z,"28 km SE of Kod?ri??, Nepal",earthquake,8.5,1.8,0.046,151,reviewed,us,us
2017-08-21T12:03:13.970Z,27.5881,86.1237,10,4.5,mb,,142,4.875,1.03,us,us2000aa5v,2017-11-22T03:43:27.040Z,"44 km SSE of Kod?ri??, Nepal",earthquake,7.1,1.8,0.079,47,reviewed,us,us
2017-02-27T04:21:41.730Z,27.3706,85.9319,20.28,4.6,mb,,156,0.626,0.69,us,us20008mlv,2017-05-24T02:48:09.040Z,"47 km ESE of Panauti, Nepal",earthquake,7.5,3.7,0.066,69,reviewed,us,us
2017-02-27T03:37:45.990Z,27.4259,86.0789,11.23,4.7,mb,,57,0.725,0.62,us,us20008mll,2017-05-24T02:48:09.040Z,"57 km ESE of Dhulikhel, Nepal",earthquake,6,3.8,0.059,86,reviewed,us,us
2016-10-07T04:52:38.250Z,28.35,85.9666,10,4,mb,,90,0.857,1.05,us,us20007dve,2017-01-07T00:20:44.040Z,"43 km N of Kod?ri??, Nepal",earthquake,5.3,2,0.164,10,reviewed,us,us
2016-09-18T17:14:17.810Z,27.8196,85.4746,25.2,4.2,mb,,68,0.176,0.94,us,us10006qpe,2016-12-12T23:01:29.040Z,"12 km NNW of Nagarkot, Nepal",earthquake,8.2,4.8,0.093,32,reviewed,us,us
2016-06-21T05:49:46.420Z,27.7243,84.9384,10,3.5,mb,,201,0.33,0.67,us,us200065q8,2022-08-03T02:21:47.662Z,"33 km W of Kirtipur, Nepal",earthquake,7.7,2,0.202,6,reviewed,us,us
2016-06-13T23:27:42.520Z,27.9339,84.4925,10,4.1,mb,,173,0.761,0.57,us,us200065ir,2016-08-25T01:22:55.040Z,"29 km N of Bharatpur, Nepal",earthquake,4.9,1.9,0.107,24,reviewed,us,us
2016-05-28T09:39:10.850Z,28.0097,85.4237,10,4.6,mb,,67,0.311,0.86,us,us20005ysr,2016-11-28T03:15:00.070Z,"34 km NNW of Nagarkot, Nepal",earthquake,5.7,1.7,0.053,107,reviewed,us,us
2016-05-23T19:09:52.790Z,27.704,85.0896,10,4.3,mb,,87,0.195,1.21,us,us10005jdi,2016-08-03T22:33:43.040Z,"18 km W of Kirtipur, Nepal",earthquake,3.5,1.9,0.082,42,reviewed,us,us
2016-05-14T22:45:55.420Z,27.8608,85.3631,22.11,4.4,mb,,44,0.153,0.57,us,us10005hgq,2016-07-22T19:39:06.040Z,"Nepal",earthquake,8.1,3.3,0.069,61,reviewed,us,us
2016-05-13T23:20:59.460Z,27.958,85.5191,10,4,mb,,104,0.303,0.82,us,us10005ivg,2016-07-22T19:39:05.040Z,"26 km N of Nagarkot, Nepal",earthquake,5.4,1.9,0.134,15,reviewed,us,us
2016-05-11T08:52:47.570Z,28.0545,84.5639,15.99,4.5,mb,,73,5.984,0.63,us,us10005ggl,2016-07-20T18:10:53.040Z,"43 km NNE of Bharatpur, Nepal",earthquake,8.7,4.2,0.087,38,reviewed,us,us
2016-05-11T01:19:42.320Z,27.9448,84.9277,10.23,4.5,mb,,104,0.414,1.04,us,us10005ihi,2022-08-02T23:40:09.428Z,"45 km NW of Kirtipur, Nepal",earthquake,5.9,5.3,0.076,50,reviewed,us,us
2016-05-09T05:17:54.750Z,28.21,85.7631,39.31,4.2,mb,,66,0.634,0.78,us,us10005i7d,2016-07-20T18:10:49.040Z,"33 km NW of Kod?ri??, Nepal",earthquake,8.1,6.8,0.093,32,reviewed,us,us
2016-04-12T14:41:52.170Z,27.6062,86.0621,10,4.3,mb,,146,0.67,0.93,us,us20005heg,2016-06-21T01:14:09.040Z,"40 km SSE of Kod?ri??, Nepal",earthquake,4.6,1.9,0.097,30,reviewed,us,us
2016-04-09T13:20:13.820Z,27.6354,85.3002,10.22,4.1,mb,,168,0.077,0.76,us,us20005gv0,2022-08-02T17:40:29.646Z,"4 km SSW of P?tan, Nepal",earthquake,9,4.2,0.116,20,reviewed,us,us
2016-04-04T04:31:26.640Z,27.5381,85.8383,23.69,4.2,mb,,152,0.495,1.02,us,us20005eeq,2016-06-17T21:45:23.040Z,"30 km ESE of Dhulikhel, Nepal",earthquake,6.3,5,0.098,29,reviewed,us,us
2016-03-30T12:26:40.280Z,27.8164,85.5483,10,4.1,mb,,110,0.23,0.52,us,us20005flx,2016-06-10T23:32:58.040Z,"11 km NNE of Nagarkot, Nepal",earthquake,5.4,1.9,0.094,31,reviewed,us,us
2016-03-14T21:27:35.270Z,27.7234,85.534,27.09,4.3,mb,,137,0.193,0.75,us,us10004xlm,2022-08-02T14:30:19.661Z,"1 km NE of Nagarkot, Nepal",earthquake,11.1,6.1,0.09,35,reviewed,us,us
2016-03-13T05:15:33.690Z,27.8303,84.8208,10,4.4,mb,,171,0.453,0.76,us,us20005af9,2022-08-02T17:28:19.636Z,"41 km ENE of Bharatpur, Nepal",earthquake,7.7,1.8,0.11,24,reviewed,us,us
2016-02-24T09:22:16.670Z,27.8322,85.7365,10,4.7,mb,,49,0.391,0.71,us,us10004sb7,2022-08-07T10:00:30.413Z,"24 km ENE of Nagarkot, Nepal",earthquake,6.5,1.9,0.073,57,reviewed,us,us
2016-02-21T18:10:00.970Z,27.9633,84.6943,16.72,5.1,mb,,39,0.604,0.87,us,us10004rjm,2022-08-07T09:55:35.375Z,"40 km NE of Bharatpur, Nepal",earthquake,7,4.5,0.059,94,reviewed,us,us
2016-02-10T16:27:41.910Z,27.7118,85.6292,21.15,4.1,mb,,97,0.278,0.51,us,us20004zdq,2022-08-07T09:33:47.765Z,"10 km E of Nagarkot, Nepal",earthquake,8.4,4.5,0.095,30,reviewed,us,us
2016-02-05T16:20:11.740Z,27.8782,85.3377,23.53,5.2,mb,,44,0.166,0.82,us,us20004y4t,2022-08-07T09:22:10.461Z,"19 km N of Kathmandu, Nepal",earthquake,9.2,4.4,0.052,120,reviewed,us,us
2016-01-21T19:22:43.590Z,28.0269,85.0515,19.01,4.5,mb,,96,0.391,0.81,us,us10004g5f,2016-04-06T17:30:30.040Z,"Xizang-Nepal border region",earthquake,7.4,4.4,0.068,64,reviewed,us,us
2015-11-24T12:24:15.590Z,28.1552,84.7587,8.19,4.6,mb,,60,0.661,0.96,us,us100040q1,2016-02-18T04:48:52.040Z,"Nepal",earthquake,6.2,4.5,0.079,48,reviewed,us,us
2015-11-19T04:15:52.600Z,27.8525,85.6776,16.51,5,mb,,49,0.349,0.79,us,us10003zfw,2022-08-01T18:42:06.686Z,"21 km NE of Nagarkot, Nepal",earthquake,6.5,3.9,0.053,115,reviewed,us,us
2015-10-07T04:58:20.550Z,27.8771,84.8817,34.7,4.2,mb,,149,0.418,0.89,us,us10003nv4,2016-01-04T22:29:29.040Z,"44 km WNW of Kirtipur, Nepal",earthquake,6.3,6.2,0.216,6,reviewed,us,us
2015-10-06T23:30:29.260Z,27.6712,85.9838,14.04,4.3,mb,,110,0.593,0.73,us,us10003ntw,2016-01-04T22:29:25.040Z,"32 km S of Kod?ri??, Nepal",earthquake,11.4,4.8,0.1,28,reviewed,us,us
2015-10-06T12:02:40.700Z,27.7479,86.1479,10,4,mb,,133,0.624,0.96,us,us10003ntk,2016-01-04T22:29:21.040Z,"30 km SE of Kod?ri??, Nepal",earthquake,12.1,2,0.156,11,reviewed,us,us
2015-10-05T07:36:25.480Z,27.7703,86.1587,10,4.3,mb,,131,0.607,0.52,us,us10003nky,2016-01-04T22:29:12.040Z,"28 km SE of Kod?ri??, Nepal",earthquake,5.5,1.9,0.169,10,reviewed,us,us
2015-10-05T07:33:21.920Z,27.6395,86.0343,10,4.5,mb,,138,0.641,0.92,us,us10003kcl,2016-01-04T22:29:12.040Z,"36 km SSE of Kod?ri??, Nepal",earthquake,6.4,1.8,0.07,60,reviewed,us,us
2015-09-29T10:54:42.010Z,27.7769,85.8162,10,4.4,mb,,120,0.448,0.98,us,us10003ir8,2015-12-28T23:08:49.040Z,"24 km SW of Kod?ri??, Nepal",earthquake,10.3,1.9,0.091,35,reviewed,us,us
2015-09-22T06:32:45.680Z,27.6915,85.0633,10,4.4,mb,,96,0.215,1.03,us,us20003ms7,2022-08-01T07:31:43.625Z,"21 km W of Kirtipur, Nepal",earthquake,4.6,1.8,0.098,30,reviewed,us,us
2015-09-16T14:52:12.070Z,27.5875,86.1894,7.48,4.2,mb,,142,0.663,0.59,us,us10003isb,2015-12-12T00:42:56.040Z,"47 km SSE of Kod?ri??, Nepal",earthquake,4,4.9,0.199,7,reviewed,us,us
2015-09-01T23:06:40.640Z,27.6836,86.2819,16.02,4.1,mb,,166,0.543,0.78,us,us20003fjs,2015-12-01T00:36:09.040Z,"44 km WSW of Namche Bazar, Nepal",earthquake,6.6,5.4,0.12,19,reviewed,us,us
2015-08-30T13:17:34.680Z,27.6519,85.6673,10,4.5,mb,,83,0.317,0.67,us,us1000365l,2022-08-01T02:35:58.853Z,"12 km ENE of Dhulikhel, Nepal",earthquake,4.6,1.8,0.06,81,reviewed,us,us
2015-08-23T09:02:05.080Z,27.8355,86.0795,10,5,mb,,51,0.659,0.63,us,us100034be,2022-08-01T01:19:51.790Z,"18 km SE of Kod?ri??, Nepal",earthquake,7.6,1.7,0.044,166,reviewed,us,us
2015-08-17T22:23:57.910Z,27.9066,86.1322,10.44,4.2,mb,,62,0.603,0.7,us,us1000330x,2022-08-01T00:28:58.023Z,"18 km ESE of Kod?ri??, Nepal",earthquake,4.7,5,0.09,34,reviewed,us,us
2015-08-15T18:11:39.530Z,27.7023,85.9473,10,4.7,mb,,75,0.56,0.86,us,us100032lr,2022-08-01T00:12:27.909Z,"28 km S of Kod?ri??, Nepal",earthquake,5.1,1.7,0.052,111,reviewed,us,us
2015-08-14T13:02:26.290Z,27.5691,86.086,10,4.6,mb,,144,0.698,1.04,us,us100036bf,2015-11-17T00:13:27.040Z,"45 km SSE of Kod?ri??, Nepal",earthquake,5.3,2,0.182,9,reviewed,us,us
2015-08-11T04:57:40.960Z,27.6651,85.3301,2.64,3.7,mb,,167,0.027,0.13,us,us1000311d,2022-07-31T23:31:47.361Z,"2 km SE of P?tan, Nepal",earthquake,10,6.8,0.252,4,reviewed,us,us
2015-08-09T22:30:26.860Z,28.2257,84.8043,10,4.2,mb,,139,0.682,1.08,us,us100030nd,2015-11-06T18:06:24.040Z,"70 km NNE of Bharatpur, Nepal",earthquake,8.1,1.9,0.096,30,reviewed,us,us
2015-08-01T01:37:42.690Z,28.532,85.6808,10,4,mb,,118,0.877,1.81,us,us10002x1k,2015-10-30T02:47:41.040Z,"68 km NNW of Kod?ri??, Nepal",earthquake,7.1,2,0.232,6,reviewed,us,us
2015-07-22T16:29:47.770Z,27.7012,85.2824,14.54,3.9,mb,,233,0.031,0.43,us,us20002z9c,2022-07-31T20:03:03.150Z,"2 km N of Kirtipur, Nepal",earthquake,10.6,7.8,0.255,4,reviewed,us,us
2015-07-10T21:13:01.030Z,27.7297,86.0836,10,4.2,mb,,101,0.681,0.56,us,us20002wnl,2015-10-09T20:19:11.040Z,"28 km SSE of Kod?ri??, Nepal",earthquake,4.7,1.9,0.087,37,reviewed,us,us
2015-07-06T15:29:07.940Z,27.9368,85.6886,10,4.2,mb,,103,0.398,0.42,us,us20002vji,2022-07-31T17:08:43.773Z,"26 km W of Kod?ri??, Nepal",earthquake,6,1.9,0.141,14,reviewed,us,us
2015-07-03T20:04:07.080Z,27.7236,84.9064,3.36,4.5,mb,,93,0.362,0.86,us,us10002nbj,2022-07-31T16:48:05.899Z,"34 km NNW of Hetauda, Nepal",earthquake,7.2,4.2,0.065,69,reviewed,us,us
2015-07-02T01:56:11.700Z,27.9835,85.5714,10,4.2,mb,,59,0.352,0.9,us,us10002mxq,2022-07-31T16:19:22.580Z,"30 km N of Nagarkot, Nepal",earthquake,6.5,1.9,0.087,37,reviewed,us,us
2015-06-29T21:46:23.940Z,27.4724,85.7525,10,4.3,mb,,141,0.455,0.91,us,us10002mfm,2015-09-02T22:37:24.040Z,"26 km ESE of Panauti, Nepal",earthquake,6.8,1.9,0.09,35,reviewed,us,us
2015-06-29T17:42:43.450Z,28.003,85.6279,10,4,mb,,91,0.4,1.05,us,us10002mfa,2022-07-31T15:59:30.799Z,"32 km W of Kod?ri??, Nepal",earthquake,8.6,1.9,0.108,23,reviewed,us,us
2015-06-28T23:57:15.530Z,28.0316,86.056,10,4.7,mb,,94,0.728,1.26,us,us10002m90,2022-07-31T15:46:25.420Z,"12 km NE of Kod?ri??, Nepal",earthquake,6.8,1.9,0.062,78,reviewed,us,us
2015-06-25T15:22:19.450Z,27.8139,85.3302,10,3.7,mb,,121,0.101,1.29,us,us10002lnq,2022-07-31T15:05:24.277Z,"12 km N of Kathmandu, Nepal",earthquake,15.9,2,0.178,8,reviewed,us,us
2015-06-22T07:34:31.780Z,27.5413,85.9898,10,4.3,mb,,156,0.622,0.25,us,us20002w0e,2015-09-01T00:53:54.040Z,"45 km ESE of Dhulikhel, Nepal",earthquake,6,2,0.202,7,reviewed,us,us
2015-06-21T13:41:47.330Z,27.8059,86.0295,10,4.1,mb,,129,0.639,0.57,us,us10002np2,2015-09-01T00:53:53.040Z,"18 km SSE of Kod?ri??, Nepal",earthquake,7.7,1.9,0.145,13,reviewed,us,us
2015-06-17T02:15:14.610Z,28.2774,85.8766,10,4.3,mb,,72,0.75,0.97,us,us20002qjl,2022-07-31T13:42:40.968Z,"35 km NNW of Kod?ri??, Nepal",earthquake,7,1.9,0.078,47,reviewed,us,us
2015-06-17T00:29:59.050Z,27.9426,85.4981,10,4.3,mb,,77,0.28,1.34,us,us20002qj4,2022-07-31T13:41:39.894Z,"25 km N of Nagarkot, Nepal",earthquake,4.6,1.8,0.084,40,reviewed,us,us
2015-06-17T00:13:20.190Z,27.7381,85.2944,5.7,4,mb,,129,0.031,1,us,us20002qj3,2022-07-31T13:40:47.108Z,"4 km NNW of Kathmandu, Nepal",earthquake,17.6,7.8,0.183,8,reviewed,us,us
2015-06-14T07:47:46.830Z,28.1763,85.7529,10,4.1,mb,,94,0.602,0.57,us,us10002lx6,2015-08-20T00:43:57.040Z,"31 km NW of Kod?ri??, Nepal",earthquake,6.3,1.4,0.127,19,reviewed,us,us
2015-06-13T01:18:30.200Z,27.6326,86.0709,10,4.8,mb,,40,0.674,0.68,us,us20002pk4,2022-07-31T12:46:09.800Z,"38 km SSE of Kod?ri??, Nepal",earthquake,6.6,1.9,0.057,94,reviewed,us,us
2015-06-12T04:34:10.000Z,27.7705,86.0379,10,4,mb,,140,0.642,0.78,us,us10002ld5,2015-08-20T00:43:54.040Z,"22 km SSE of Kod?ri??, Nepal",earthquake,7.8,2,0.231,8,reviewed,us,us
2015-06-11T19:37:06.220Z,28.115,84.6937,10.32,4.4,mb,,96,0.681,1.06,us,us20002p53,2015-08-20T00:43:54.040Z,"54 km NNE of Bharatpur, Nepal",earthquake,6.3,4.5,0.075,51,reviewed,us,us
2015-06-11T16:12:20.290Z,27.8321,85.5836,24.49,4.8,mb,,76,0.265,0.61,us,us20002p1y,2022-07-31T12:27:46.292Z,"14 km NNE of Nagarkot, Nepal",earthquake,8,1.4,0.052,114,reviewed,us,us
2015-06-11T04:17:46.340Z,27.8955,85.7959,10,4.2,mb,,135,0.462,0.7,us,us10002l5z,2015-08-20T00:43:53.040Z,"17 km WSW of Kod?ri??, Nepal",earthquake,6.4,1.5,0.118,20,reviewed,us,us
2015-06-07T05:17:45.900Z,27.9734,85.5328,10,4.2,mb,,70,5.201,0.71,us,us20002qpy,2022-07-31T16:23:22.551Z,"28 km N of Nagarkot, Nepal",earthquake,11.2,1.9,0.128,17,reviewed,us,us
2015-06-03T07:52:37.640Z,28.011,86.0953,10,4,mb,,114,0.751,1.46,us,us20002pdj,2015-08-08T00:50:11.040Z,"14 km ENE of Kod?ri??, Nepal",earthquake,5.2,1.9,0.172,14,reviewed,us,us
2015-05-30T16:28:19.320Z,27.8802,84.9263,10,4.3,mb,,132,0.383,1.34,us,us20002knv,2022-07-31T10:16:47.803Z,"41 km WNW of Kirtipur, Nepal",earthquake,6.5,1.9,0.088,36,reviewed,us,us
2015-05-29T10:00:00.270Z,27.9798,84.7819,10,4.8,mb,,41,0.542,0.91,us,us20002kau,2022-07-31T10:07:29.021Z,"47 km NE of Bharatpur, Nepal",earthquake,6.7,1.6,0.052,112,reviewed,us,us
2015-05-28T23:35:52.170Z,28.0923,84.6435,10,4,mb,,177,0.705,0.52,us,us20002mzl,2015-08-08T00:48:55.040Z,"50 km NNE of Bharatpur, Nepal",earthquake,10.1,2,0.211,6,reviewed,us,us
2015-05-27T16:45:00.460Z,28.2528,84.9717,10,4.1,mb,,157,0.618,1.48,us,us20002mcv,2015-07-29T01:35:49.040Z,"70 km NNW of Kathmandu, Nepal",earthquake,5.9,1.9,0.097,29,reviewed,us,us
2015-05-26T17:07:14.360Z,28.2338,85.1005,10,4.6,mb,,71,0.553,1.05,us,us10002c8p,2022-07-31T09:27:25.750Z,"62 km NNW of Kathmandu, Nepal",earthquake,6.6,1.9,0.06,83,reviewed,us,us
2015-05-26T14:15:30.970Z,27.3029,85.0688,10,3.7,mb,,169,0.463,1.17,us,us10002ccn,2022-07-31T09:36:48.140Z,"14 km SSE of Hetauda, Nepal",earthquake,6,1.9,0.191,7,reviewed,us,us
2015-05-24T21:38:40.840Z,28.0271,84.6734,10,4.4,mb,,41,0.649,0.56,us,us10002bye,2022-07-31T09:00:35.217Z,"45 km NNE of Bharatpur, Nepal",earthquake,4.8,1.8,0.072,55,reviewed,us,us
2015-05-22T13:04:05.930Z,27.6635,85.6936,10,4.1,mb,,85,5.187,0.94,us,us20002la2,2015-07-29T01:35:33.040Z,"Nepal",earthquake,6.8,1.9,0.123,19,reviewed,us,us
2015-05-22T11:45:47.370Z,27.5438,86.0511,10,4.3,mb,,127,0.673,0.85,us,us10002bd0,2022-07-31T08:35:40.062Z,"47 km SSE of Kod?ri??, Nepal",earthquake,6.1,1.6,0.089,36,reviewed,us,us
2015-05-22T10:59:33.780Z,27.9555,84.9671,10,4.7,mb,,41,0.392,0.88,us,us10002bcr,2022-07-31T08:31:48.889Z,"43 km NW of Kirtipur, Nepal",earthquake,5.5,1.7,0.056,97,reviewed,us,us
2015-05-21T09:11:55.640Z,27.8173,85.209,10,4,mb,,176,6.353,0.58,us,us20002kyi,2015-07-29T01:35:30.040Z,"16 km NNW of Kirtipur, Nepal",earthquake,9.1,2,0.172,9,reviewed,us,us
2015-05-20T09:02:32.260Z,27.3231,85.0483,10,4.6,mb,,145,5.85,0.81,us,us10002ar2,2022-07-31T08:08:10.373Z,"11 km S of Hetauda, Nepal",earthquake,6.8,1.7,0.077,52,reviewed,us,us
2015-05-19T10:59:30.690Z,27.7722,85.868,10,4.2,mb,,163,5.002,1.28,us,us10002ahe,2022-07-31T07:56:00.675Z,"22 km SSW of Kod?ri??, Nepal",earthquake,7.2,1.9,0.1,28,reviewed,us,us
2015-05-18T22:49:50.890Z,27.5867,85.8925,10,4.4,mb,,134,5.06,0.73,us,us10002adq,2022-07-31T07:46:40.138Z,"34 km E of Dhulikhel, Nepal",earthquake,3.7,1.9,0.074,52,reviewed,us,us
2015-05-18T12:42:09.240Z,27.9438,84.6997,10,4.1,mb,,103,6.821,0.5,us,us20002k1p,2015-07-23T01:04:07.040Z,"39 km NE of Bharatpur, Nepal",earthquake,11.8,1.9,0.175,10,reviewed,us,us
2015-05-17T05:45:38.500Z,27.5777,85.8239,10,4.3,mb,,157,5.119,0.73,us,us100029x0,2022-07-31T07:25:51.324Z,"28 km E of Dhulikhel, Nepal",earthquake,8.1,1.8,0.077,48,reviewed,us,us
2015-05-16T23:15:26.060Z,27.6804,85.9514,10,4.4,mb,,88,4.973,0.74,us,us100029vn,2022-07-31T07:23:05.276Z,"31 km S of Kod?ri??, Nepal",earthquake,8,1.9,0.077,48,reviewed,us,us
2015-05-16T20:02:53.740Z,28.0094,84.6978,10,4.1,mb,,170,5.885,0.7,us,us10002cht,2015-07-23T01:04:03.040Z,"44 km NE of Bharatpur, Nepal",earthquake,10.5,1.9,0.234,5,reviewed,us,us
2015-05-16T11:34:09.980Z,27.5603,86.0734,7,5.5,mww,,13,4.928,0.72,us,us100029rn,2022-07-31T07:18:14.026Z,"45 km SSE of Kod?ri??, Nepal",earthquake,7.5,1.7,,,reviewed,us,us
2015-05-16T03:50:21.210Z,27.4751,85.1653,10,4.2,mb,,135,5.692,0.86,us,us100029pj,2015-07-23T01:04:02.040Z,"14 km ENE of Hetauda, Nepal",earthquake,6.9,1.8,0.101,27,reviewed,us,us
2015-05-16T03:39:26.920Z,27.6386,85.713,10,4.7,mb,,40,5.182,0.55,us,us100029pb,2022-07-31T07:13:14.269Z,"16 km E of Dhulikhel, Nepal",earthquake,7.9,1.8,0.051,119,reviewed,us,us
2015-05-16T00:46:06.830Z,28.0074,84.5187,10,4.1,mb,,70,0.764,0.63,us,us10002ch0,2015-07-23T01:04:02.040Z,"37 km NNE of Bharatpur, Nepal",earthquake,6.2,1.9,0.109,23,reviewed,us,us
2015-05-15T01:42:42.800Z,27.9719,84.7499,10,4.9,mb,,40,1.823,0.91,us,us1000295r,2022-07-31T06:55:52.887Z,"45 km NE of Bharatpur, Nepal",earthquake,8.1,1.8,0.047,145,reviewed,us,us
2015-05-14T14:36:39.530Z,28.1148,85.3994,10,3.9,mb,,169,1.258,1.15,us,us1000294u,2022-07-31T06:53:09.139Z,"45 km NNW of Nagarkot, Nepal",earthquake,13.9,2,0.171,9,reviewed,us,us
2015-05-14T03:07:38.770Z,27.6713,86.1515,10,4.4,mb,,83,0.651,0.74,us,us100028wa,2015-07-23T01:03:58.040Z,"37 km SSE of Kod?ri??, Nepal",earthquake,4.6,1.8,0.109,24,reviewed,us,us
2015-05-13T21:38:06.390Z,27.7199,86.0503,8.38,5,mb,,40,0.715,0.65,us,us100028tz,2022-07-31T06:38:05.984Z,"28 km SSE of Kod?ri??, Nepal",earthquake,6.5,4.3,0.046,150,reviewed,us,us
2015-05-13T10:59:41.150Z,27.8014,86.038,10,4.2,mb,,101,0.702,0.67,us,us20002eza,2022-07-31T06:32:13.890Z,"19 km SSE of Kod?ri??, Nepal",earthquake,6.2,1.9,0.104,26,reviewed,us,us
2015-05-13T09:52:27.990Z,27.7666,86.3084,10,4.2,mb,,150,0.484,1.06,us,us10002bi5,2015-07-17T07:06:14.040Z,"39 km W of Namche Bazar, Nepal",earthquake,5,1.8,0.159,11,reviewed,us,us
2015-05-13T06:53:00.780Z,27.7201,86.1891,10,4.8,mb,,88,0.6,0.73,us,us20002ew5,2022-07-31T06:29:12.686Z,"35 km SE of Kod?ri??, Nepal",earthquake,8.7,1.9,0.059,87,reviewed,us,us
2015-05-13T06:37:30.290Z,27.7582,86.1379,10,4.5,mb,,146,0.629,0.93,us,us20002ew1,2015-07-17T07:06:14.040Z,"28 km SE of Kod?ri??, Nepal",earthquake,7.5,1.9,0.08,46,reviewed,us,us
2015-05-13T06:26:07.550Z,27.6539,86.1557,10,4.7,mb,,118,0.655,0.69,us,us20002evz,2022-07-31T06:33:32.311Z,"39 km SSE of Kod?ri??, Nepal",earthquake,6.7,1.9,0.061,89,reviewed,us,us
2015-05-13T02:43:47.590Z,27.6248,86.3299,10,4.1,mb,,153,0.541,0.68,us,us10002bhx,2022-07-31T10:38:49.057Z,"42 km WSW of Namche Bazar, Nepal",earthquake,8.2,2,0.158,11,reviewed,us,us
2015-05-13T02:23:10.920Z,27.6695,86.2315,10,4.1,mb,,171,0.589,1.12,us,us20002ev6,2022-07-31T06:26:25.342Z,"42 km SE of Kod?ri??, Nepal",earthquake,5.6,1.9,0.111,22,reviewed,us,us
2015-05-12T21:57:14.320Z,27.8032,86.0034,10,4,mb,,171,0.732,0.77,us,us10002bgv,2022-07-31T11:11:42.577Z,"18 km SSE of Kod?ri??, Nepal",earthquake,7,2,0.164,10,reviewed,us,us
2015-05-12T21:25:11.930Z,27.783,84.6384,10,5.2,mb,,38,1.932,0.62,us,us20002etn,2022-07-31T06:21:43.509Z,"23 km ENE of Bharatpur, Nepal",earthquake,6,1.8,0.051,125,reviewed,us,us
2015-05-12T20:44:28.940Z,27.9152,86.2389,5.36,4,mb,,167,0.508,1.28,us,us20002esx,2022-07-31T06:35:12.711Z,"28 km E of Kod?ri??, Nepal",earthquake,7.2,6.7,0.102,26,reviewed,us,us
2015-05-12T20:22:16.260Z,27.5858,85.1413,13.35,4.3,mb,,124,1.526,1.32,us,us20002esf,2022-07-31T06:22:38.942Z,"16 km SW of Kirtipur, Nepal",earthquake,6.5,4.9,0.083,41,reviewed,us,us
2015-05-12T19:37:40.910Z,27.6868,86.1308,8.52,4.5,mb,,101,0.661,1.01,us,us20002ert,2022-07-31T06:34:11.810Z,"34 km SSE of Kod?ri??, Nepal",earthquake,5,4.1,0.066,67,reviewed,us,us
2015-05-12T19:34:59.090Z,27.6432,86.1584,10.93,4.3,mb,,165,0.658,0.76,us,us20002es6,2015-07-17T07:06:12.040Z,"40 km SSE of Kod?ri??, Nepal",earthquake,5.5,5.1,0.086,38,reviewed,us,us
2015-05-12T18:51:44.210Z,27.6456,86.294,11.23,4.1,mb,,147,0.554,0.8,us,us20002erg,2022-07-31T11:39:41.737Z,"44 km WSW of Namche Bazar, Nepal",earthquake,4.8,4.8,0.101,29,reviewed,us,us
2015-05-12T18:49:05.090Z,27.717,86.2514,15.68,4,mb,,137,0.551,0.86,us,us10002bgp,2015-07-17T07:06:12.040Z,"39 km SE of Kod?ri??, Nepal",earthquake,5,2.9,0.173,9,reviewed,us,us
2015-05-12T17:28:39.250Z,27.4989,86.1266,10,4.8,mb,,44,0.76,0.75,us,us20002eqs,2022-07-31T06:16:50.731Z,"53 km SSE of Kod?ri??, Nepal",earthquake,7.4,1.8,0.048,135,reviewed,us,us
2015-05-12T16:55:22.990Z,27.712,85.9418,6.54,4.4,mb,,143,0.808,0.68,us,us20002eqh,2022-07-31T06:15:48.582Z,"27 km S of Kod?ri??, Nepal",earthquake,5.8,3.5,0.083,42,reviewed,us,us
2015-05-12T16:32:09.050Z,27.617,86.2307,10,4,mb,,150,0.617,1.1,us,us10002bgk,2015-07-17T07:06:12.040Z,"46 km SE of Kod?ri??, Nepal",earthquake,6.3,1.9,0.163,12,reviewed,us,us
2015-05-12T16:15:14.100Z,27.7411,86.2211,10,4,mb,,134,0.566,0.43,us,us10002bgj,2015-07-17T07:06:12.040Z,"35 km SE of Kod?ri??, Nepal",earthquake,4.5,1.8,0.134,15,reviewed,us,us
2015-05-12T15:59:46.930Z,27.6485,86.2971,10,4.4,mb,,191,0.55,0.88,us,us10002bgi,2015-07-17T07:06:12.040Z,"44 km WSW of Namche Bazar, Nepal",earthquake,5,1.9,0.189,8,reviewed,us,us
2015-05-12T15:32:25.690Z,27.7866,86.0808,10,4.2,mb,,191,0.669,0.52,us,us10002bgf,2015-07-17T07:06:12.040Z,"22 km SSE of Kod?ri??, Nepal",earthquake,5.8,2,0.198,7,reviewed,us,us
2015-05-12T15:28:19.810Z,27.721,86.2602,10,4.4,mb,,149,0.542,0.8,us,us20002epr,2022-07-31T06:14:45.893Z,"39 km SE of Kod?ri??, Nepal",earthquake,6.3,1.9,0.098,30,reviewed,us,us
2015-05-12T13:58:57.540Z,27.6013,86.2659,10,4.5,mb,,142,0.6,0.37,us,us10002bgb,2015-07-17T07:06:12.040Z,"49 km WSW of Namche Bazar, Nepal",earthquake,4.9,1.9,0.18,9,reviewed,us,us
2015-05-12T13:47:05.250Z,27.7321,85.8975,10,4.4,mb,,164,0.84,0.49,us,us10002bg7,2015-07-17T07:06:12.040Z,"25 km SSW of Kod?ri??, Nepal",earthquake,6.8,1.9,0.12,20,reviewed,us,us
2015-05-12T13:43:17.520Z,27.7461,85.9016,10,4.4,mb,,172,0.833,0.64,us,us20002enh,2022-07-31T06:11:48.958Z,"24 km SSW of Kod?ri??, Nepal",earthquake,5.5,1.6,0.093,33,reviewed,us,us
2015-05-12T13:25:25.120Z,27.6516,86.1632,7.9,4.2,mb,,164,0.65,0.45,us,us10002bg6,2015-07-17T07:06:12.040Z,"39 km SSE of Kod?ri??, Nepal",earthquake,6.7,5.4,0.132,16,reviewed,us,us
2015-05-12T13:10:40.840Z,27.8728,85.9511,10.61,4.1,mb,,149,0.766,0.86,us,us10002bg3,2015-07-17T07:06:12.040Z,"9 km S of Kod?ri??, Nepal",earthquake,6.4,5.6,0.174,9,reviewed,us,us
2015-05-12T13:08:10.140Z,27.6132,85.9896,10,4.4,mb,,169,0.805,0.29,us,us10002bg2,2015-07-17T07:06:12.040Z,"38 km S of Kod?ri??, Nepal",earthquake,5.3,1.9,0.178,9,reviewed,us,us
2015-05-12T13:02:17.180Z,27.6406,85.8062,10,4,mb,,175,0.945,0.91,us,us10002bhg,2015-07-17T07:06:12.040Z,"26 km E of Dhulikhel, Nepal",earthquake,9,1.9,0.26,4,reviewed,us,us
2015-05-12T12:28:22.930Z,27.6751,85.9931,10,4.5,mb,,101,0.778,1.21,us,us20002ena,2022-07-31T06:09:03.290Z,"Nepal",earthquake,4.6,1.9,0.091,35,reviewed,us,us
2015-05-12T11:58:12.150Z,27.6936,85.9018,10,4.3,mb,,65,0.848,1.31,us,us20002en6,2015-07-17T07:06:12.040Z,"30 km S of Kod?ri??, Nepal",earthquake,7.4,1.9,0.092,34,reviewed,us,us
2015-05-12T11:21:30.590Z,27.6838,86.1369,10,4.4,mb,,162,0.657,0.71,us,us20002en0,2015-07-17T07:06:12.040Z,"35 km SSE of Kod?ri??, Nepal",earthquake,7.2,1.9,0.095,32,reviewed,us,us
2015-05-12T11:13:21.490Z,27.8202,85.982,10,4.1,mb,,191,0.747,0.86,us,us10002bfv,2015-07-17T07:06:12.040Z,"15 km S of Kod?ri??, Nepal",earthquake,6,1.9,0.165,10,reviewed,us,us
2015-05-12T11:06:34.600Z,27.6414,86.2033,10,4.2,mb,,165,0.624,0.74,us,us20002ep8,2015-07-17T07:06:12.040Z,"42 km SE of Kod?ri??, Nepal",earthquake,7.1,1.9,0.118,20,reviewed,us,us
2015-05-12T10:53:22.920Z,27.7305,86.199,10,4,mb,,149,0.588,0.59,us,us10002bfu,2015-07-17T07:06:12.040Z,"34 km SE of Kod?ri??, Nepal",earthquake,6.3,1.9,0.156,11,reviewed,us,us
2015-05-12T10:41:32.260Z,27.716,86.2746,10,4.5,mb,,153,0.533,1.07,us,us10002bg8,2015-07-17T07:06:12.040Z,"41 km SE of Kod?ri??, Nepal",earthquake,6.4,1.9,0.094,33,reviewed,us,us
2015-05-12T10:40:07.870Z,27.7987,86.4044,10,4.6,mb,,145,0.394,0.46,us,us10002bh9,2015-07-17T07:06:12.040Z,"30 km W of Namche Bazar, Nepal",earthquake,6.9,1.9,0.223,6,reviewed,us,us
2015-05-12T10:35:39.950Z,27.6606,86.0849,10,4.5,mb,,38,0.708,1.11,us,us20002ems,2022-07-31T06:04:59.892Z,"35 km SSE of Kod?ri??, Nepal",earthquake,6.4,1.8,0.075,53,reviewed,us,us
2015-05-12T10:31:00.570Z,27.6896,85.9158,10.01,4.4,mb,,138,0.837,1.2,us,us10002bh8,2015-07-17T07:06:12.040Z,"30 km S of Kod?ri??, Nepal",earthquake,7.2,2,0.19,8,reviewed,us,us
2015-05-12T10:15:07.680Z,27.7172,86.1734,10,4.3,mb,,106,0.614,1.38,us,us20002emm,2022-07-31T06:05:58.056Z,"34 km SE of Kod?ri??, Nepal",earthquake,5.2,1.9,0.101,28,reviewed,us,us
2015-05-12T09:44:38.980Z,27.7617,85.9301,10,4.2,mb,,131,0.804,0.92,us,us10002bgd,2015-07-17T07:06:12.040Z,"22 km S of Kod?ri??, Nepal",earthquake,5.3,1.9,0.159,11,reviewed,us,us
2015-05-12T09:38:19.460Z,27.6658,86.2505,10,4.5,mb,,194,0.576,0.3,us,us10002bfm,2015-07-17T07:06:11.040Z,"43 km SE of Kod?ri??, Nepal",earthquake,7.5,2,0.242,5,reviewed,us,us
2015-05-12T09:02:09.780Z,27.7318,86.0672,10,4.6,mb,,79,0.696,0.78,us,us10002bfi,2015-07-17T07:06:11.040Z,"27 km SSE of Kod?ri??, Nepal",earthquake,6.9,1.8,0.083,43,reviewed,us,us
2015-05-12T08:59:39.740Z,27.7729,86.195,10,4.5,mb,,149,0.576,1.06,us,us20002emb,2022-07-31T07:05:44.006Z,"31 km SE of Kod?ri??, Nepal",earthquake,4.2,1.9,0.081,51,reviewed,us,us
2015-05-12T08:52:30.290Z,28.0084,86.3358,10,4,mb,,142,0.423,0.49,us,us10002bfh,2015-07-17T07:06:11.040Z,"37 km E of Kod?ri??, Nepal",earthquake,7.5,1.8,0.196,11,reviewed,us,us
2015-05-12T08:51:32.500Z,27.6469,86.2138,10,4.3,mb,,165,0.613,0.53,us,us10002bfg,2015-07-17T07:06:11.040Z,"43 km SE of Kod?ri??, Nepal",earthquake,8.7,1.9,0.177,11,reviewed,us,us
2015-05-12T08:39:07.940Z,27.7431,86.01,10,4,mb,,171,0.741,0.4,us,us10002bga,2015-07-17T07:06:11.040Z,"24 km SSE of Kod?ri??, Nepal",earthquake,5.7,1.8,0.173,13,reviewed,us,us
2015-05-12T08:35:36.710Z,27.7042,86.2108,10,4.4,mb,,170,0.589,0.36,us,us10002bg9,2015-07-17T07:06:11.040Z,"37 km SE of Kod?ri??, Nepal",earthquake,7.5,1.5,0.138,19,reviewed,us,us
2015-05-12T08:34:24.130Z,28.1877,86.0143,16.34,4.3,mb,,162,0.74,0.36,us,us20002ekw,2015-07-17T07:06:11.040Z,"25 km NNE of Kod?ri??, Nepal",earthquake,10.2,5.7,0.101,32,reviewed,us,us
2015-05-12T08:24:24.340Z,27.7486,86.0692,10,4.8,mb,,80,0.689,0.37,us,us100029fv,2015-07-17T07:06:11.040Z,"25 km SSE of Kod?ri??, Nepal",earthquake,3.2,1.9,0.058,93,reviewed,us,us
2015-05-12T08:21:10.760Z,27.7298,86.1316,15,5.2,mb,,42,0.643,0.7,us,us20002ekr,2022-07-31T06:03:59.276Z,"30 km SE of Kod?ri??, Nepal",earthquake,6.7,1.8,0.043,175,reviewed,us,us
2015-05-12T08:13:54.600Z,27.7629,85.7574,15,5.1,mb,,49,0.953,0.64,us,us20002ekq,2022-07-31T06:06:08.729Z,"23 km ENE of Nagarkot, Nepal",earthquake,8.3,1.8,0.046,152,reviewed,us,us
2015-05-12T08:11:22.590Z,27.4654,85.7306,10,4.3,mb,,82,5.242,0.52,us,us10002bf8,2015-07-17T07:06:11.040Z,"24 km ESE of Panauti, Nepal",earthquake,7.2,1.8,0.093,42,reviewed,us,us
2015-05-12T08:06:05.530Z,27.7221,86.0161,15,5,mb,,42,0.742,0.78,us,us20002ekk,2022-07-31T06:01:55.043Z,"27 km SSE of Kod?ri??, Nepal",earthquake,5.7,1.8,0.044,168,reviewed,us,us
2015-05-12T08:05:25.540Z,27.9198,86.1387,10,4.2,mb,,99,0.596,0.29,us,us10002bfb,2015-07-17T07:06:11.040Z,"18 km ESE of Kod?ri??, Nepal",earthquake,4.8,1.9,0.141,21,reviewed,us,us
2015-05-12T07:48:51.490Z,27.7224,86.2576,10,4.9,mb,,78,0.544,0.7,us,us10002bh3,2022-05-03T17:27:34.038Z,"39 km SE of Kod?ri??, Nepal",earthquake,6.9,1.9,0.055,103,reviewed,us,us
2015-05-12T07:47:46.350Z,27.5579,86.039,10,4.9,mb,,80,0.792,0.73,us,us10002bg4,2022-05-03T17:24:54.525Z,"45 km S of Kod?ri??, Nepal",earthquake,5.1,1.8,0.054,106,reviewed,us,us
2015-05-12T07:43:17.310Z,27.6521,86.2387,11.77,4.9,mb,,70,0.592,0.49,us,us100029fi,2022-05-03T17:27:32.866Z,"44 km SE of Kod?ri??, Nepal",earthquake,5.7,4.5,0.064,77,reviewed,us,us
2015-05-12T07:36:54.490Z,27.625,86.1617,15,6.3,mww,,10,0.664,0.93,us,us20002ek5,2022-07-31T05:59:39.785Z,"42 km SSE of Kod?ri??, Nepal",earthquake,7.5,1.7,,,reviewed,us,us
2015-05-12T07:34:22.630Z,27.7458,86.2449,10,5.4,mb,,45,0.544,0.78,us,us20002ek3,2022-05-03T17:21:50.916Z,"37 km SE of Kod?ri??, Nepal",earthquake,6.3,1.8,0.042,196,reviewed,us,us
2015-05-12T07:33:09.760Z,27.7477,86.0099,10,4.1,mb,,98,0.74,0.58,us,us10002bf6,2015-07-17T07:06:10.040Z,"24 km SSE of Kod?ri??, Nepal",earthquake,8.6,1.9,0.165,12,reviewed,us,us
2015-05-12T07:23:32.670Z,27.5589,86.2566,10,5,mb,,243,0.632,0.36,us,us10002bgy,2015-07-17T07:06:10.040Z,"52 km WSW of Namche Bazar, Nepal",earthquake,6.7,2,0.096,35,reviewed,us,us
2015-05-12T07:22:15.290Z,27.5796,86.2338,10,4.8,mb,,48,0.636,0.62,us,us10002bg0,2015-07-17T07:06:10.040Z,"50 km SSE of Kod?ri??, Nepal",earthquake,6.9,1.9,0.089,39,reviewed,us,us
2015-05-12T07:17:20.640Z,27.7141,86.2177,13.01,5.5,mb,,66,0.579,0.89,us,us20002ek0,2022-07-31T05:58:33.083Z,"37 km SE of Kod?ri??, Nepal",earthquake,6.8,4.7,0.043,183,reviewed,us,us
2015-05-12T07:05:19.730Z,27.8087,86.0655,15,7.3,mww,,11,0.677,0.92,us,us20002ejl,2024-06-26T05:18:41.027Z,"Nepal",earthquake,7.4,1.7,,,reviewed,us,us
2015-05-11T14:52:40.550Z,27.7589,85.789,10,4.3,mb,,166,0.927,0.65,us,us10002b61,2015-07-17T07:06:08.040Z,"26 km E of Nagarkot, Nepal",earthquake,7.6,1.9,0.099,29,reviewed,us,us
2015-05-11T14:50:59.760Z,27.9326,85.9366,10,4.3,mb,,65,0.774,0.7,us,us20002ecq,2022-07-31T05:50:08.944Z,"3 km SSW of Kod?ri??, Nepal",earthquake,4.1,1.9,0.09,35,reviewed,us,us
2015-05-11T03:20:36.900Z,28.0071,85.827,10,4,mb,,170,0.872,1.09,us,us10002b51,2022-07-31T09:48:55.368Z,"13 km WNW of Kod?ri??, Nepal",earthquake,7.6,1.9,0.138,14,reviewed,us,us
2015-05-10T09:38:32.750Z,27.4485,85.5858,10,4.3,mb,,149,1.199,0.6,us,us20002ea5,2022-07-31T05:46:12.044Z,"Nepal",earthquake,6.5,1.8,0.119,25,reviewed,us,us
2015-05-10T00:49:52.770Z,27.7776,86.001,10,4,mb,,166,0.74,0.76,us,us20002e9z,2015-07-17T07:06:03.040Z,"20 km SSE of Kod?ri??, Nepal",earthquake,7,1.9,0.122,18,reviewed,us,us
2015-05-08T21:23:27.700Z,27.9634,85.0259,10,4,mb,,170,1.579,1,us,us20002e9g,2022-07-31T05:41:37.723Z,"40 km NW of Kirtipur, Nepal",earthquake,8.5,1.9,0.106,24,reviewed,us,us
2015-05-08T07:47:54.460Z,27.8668,85.9591,10,4.2,mb,,124,0.76,1.27,us,us20002dq9,2022-07-31T05:39:31.217Z,"10 km S of Kod?ri??, Nepal",earthquake,5.9,1.9,0.112,22,reviewed,us,us
2015-05-08T00:32:33.960Z,27.6418,85.979,11.56,4.9,mb,,77,0.802,0.66,us,us20002dn5,2022-07-31T05:09:18.479Z,"35 km S of Kod?ri??, Nepal",earthquake,5.7,4.2,0.044,164,reviewed,us,us
2015-05-07T16:30:47.390Z,27.8141,85.4869,10,3.4,mb,,192,1.181,0.92,us,us20002dkn,2022-07-31T05:05:24.060Z,"11 km NNW of Nagarkot, Nepal",earthquake,12.3,2,0.245,4,reviewed,us,us
2015-05-06T21:56:28.670Z,27.5965,85.1661,10,3.5,mb,,193,1.502,1.32,us,us20002ced,2022-07-31T04:56:57.984Z,"14 km SW of Kirtipur, Nepal",earthquake,8.3,2,0.22,5,reviewed,us,us
2015-05-06T15:13:19.940Z,27.6348,85.5861,10,3.8,mb,,170,1.132,1.17,us,us20002cdc,2022-07-31T04:52:26.584Z,"4 km ENE of Dhulikhel, Nepal",earthquake,7.3,1.9,0.153,11,reviewed,us,us
2015-05-05T11:15:40.410Z,27.6962,85.9535,10,4.1,mb,,166,0.803,1.27,us,us20002ey0,2015-07-09T22:00:13.040Z,"29 km S of Kod?ri??, Nepal",earthquake,6.8,2,0.166,10,reviewed,us,us
2015-05-05T10:38:47.120Z,27.7226,85.9867,10,4.1,mb,,168,0.767,0.59,us,us20002ey5,2015-07-09T22:00:13.040Z,"26 km S of Kod?ri??, Nepal",earthquake,8.4,1.9,0.139,14,reviewed,us,us
2015-05-04T14:19:03.470Z,27.8147,85.9036,10,4.2,mb,,168,0.816,0.5,us,us20002elh,2015-07-09T22:00:10.040Z,"16 km SSW of Kod?ri??, Nepal",earthquake,5.6,1.9,0.141,14,reviewed,us,us
2015-05-04T12:17:13.450Z,27.7864,86.0097,10,4.1,mb,,116,0.73,0.59,us,us20002b68,2022-07-31T04:15:59.346Z,"19 km SSE of Kod?ri??, Nepal",earthquake,5.5,1.8,0.098,32,reviewed,us,us
2015-05-04T08:50:00.820Z,27.926,86.1704,10,4,mb,,174,0.568,1.08,us,us20002el6,2015-07-09T22:00:10.040Z,"21 km E of Kod?ri??, Nepal",earthquake,9,2,0.231,5,reviewed,us,us
2015-05-04T01:15:07.070Z,27.6326,85.9746,10,4.5,mb,,54,0.809,0.89,us,us20002b2y,2022-07-31T03:59:20.556Z,"36 km S of Kod?ri??, Nepal",earthquake,6,1.8,0.066,66,reviewed,us,us
2015-05-03T23:14:15.460Z,27.7349,85.8791,10,4.2,mb,,184,0.855,0.71,us,us20002b2a,2015-07-09T22:00:08.040Z,"26 km SSW of Kod?ri??, Nepal",earthquake,4.3,1.9,0.078,46,reviewed,us,us
2015-05-03T11:35:11.090Z,27.6999,84.9331,10,4.3,mb,,87,1.683,0.67,us,us20002az8,2022-07-31T03:55:37.914Z,"31 km NNW of Hetauda, Nepal",earthquake,8.2,1.9,0.079,45,reviewed,us,us
2015-05-03T02:15:26.910Z,27.7665,84.6005,10,4,mb,,162,1.967,1.19,us,us20002du3,2015-07-09T22:00:07.040Z,"19 km ENE of Bharatpur, Nepal",earthquake,10.6,1.9,0.195,11,reviewed,us,us
2015-05-02T21:44:09.970Z,27.6395,85.9324,10,4.3,mb,,77,0.841,0.81,us,us20002awm,2022-07-31T03:36:24.089Z,"35 km S of Kod?ri??, Nepal",earthquake,6.1,1.9,0.07,57,reviewed,us,us
2015-05-02T15:16:18.050Z,27.6545,85.9494,10,4.3,mb,,87,0.821,0.94,us,us20002avd,2015-07-09T22:00:06.040Z,"33 km S of Kod?ri??, Nepal",earthquake,6.1,1.5,0.08,44,reviewed,us,us
2015-05-02T09:41:16.290Z,27.9171,85.369,10,4.2,mb,,106,1.277,0.51,us,us20002dsz,2015-07-09T22:00:06.040Z,"24 km NNE of Kathmandu, Nepal",earthquake,6.1,1.9,0.128,17,reviewed,us,us
2015-05-02T05:35:46.930Z,28.3143,84.6576,10,4.9,mb,,91,1.935,0.86,us,us20002atq,2022-07-31T03:32:26.883Z,"Nepal",earthquake,7.9,1.8,0.058,93,reviewed,us,us
2015-05-02T03:47:03.740Z,27.7972,85.3532,10,4,mb,,190,1.301,0.68,us,us20002dsh,2015-07-09T22:00:05.040Z,"11 km NNE of Kathmandu, Nepal",earthquake,12.3,2,0.173,10,reviewed,us,us
2015-05-02T01:03:10.740Z,27.7751,85.9042,10,4,mb,,180,0.824,0.92,us,us20002dti,2015-07-09T22:00:05.040Z,"21 km SSW of Kod?ri??, Nepal",earthquake,9.5,2,0.211,7,reviewed,us,us
2015-05-02T00:10:49.450Z,27.3802,85.1775,10,4,mb,,93,5.722,1.03,us,us20002auq,2015-07-09T22:00:05.040Z,"15 km ESE of Hetauda, Nepal",earthquake,4.2,1.9,0.101,26,reviewed,us,us
2015-05-01T22:10:09.980Z,27.6072,85.5759,10,4,mb,,119,1.149,0.51,us,us20002arr,2015-07-09T22:00:05.040Z,"3 km ESE of Dhulikhel, Nepal",earthquake,8.9,1.7,0.116,20,reviewed,us,us
2015-05-01T18:47:16.520Z,27.7249,84.6329,10,4.1,mb,,169,1.943,1.01,us,us20002dhi,2015-07-09T22:00:05.040Z,"20 km ENE of Bharatpur, Nepal",earthquake,6.4,2,0.234,5,reviewed,us,us
2015-05-01T04:39:19.300Z,28.5301,86.2397,10,4,mb,,87,0.76,1.24,us,us20002dh3,2022-07-31T10:23:33.787Z,"68 km NNE of Kod?ri??, Nepal",earthquake,3.4,2,0.259,4,reviewed,us,us
2015-04-30T17:34:37.620Z,28.2119,85.8071,10,3.8,mb,,162,0.922,0.86,us,us20002ajz,2022-07-31T03:09:46.680Z,"31 km NNW of Kod?ri??, Nepal",earthquake,7.9,1.6,0.12,18,reviewed,us,us
2015-04-30T00:37:10.880Z,27.9057,84.6664,10,4.3,mb,,99,1.898,0.8,us,us20002acq,2022-07-31T03:02:57.605Z,"34 km NE of Bharatpur, Nepal",earthquake,8.9,1.9,0.075,50,reviewed,us,us
2015-04-29T17:16:33.470Z,27.8677,85.7031,10,4.4,mb,,116,5.099,1.29,us,us20002a8d,2022-07-31T03:01:54.330Z,"24 km NE of Nagarkot, Nepal",earthquake,8.5,1.9,0.08,45,reviewed,us,us
2015-04-29T17:16:14.460Z,28.0838,84.676,18.76,4.1,mb,,165,5.881,1.03,us,us20002c9q,2015-07-03T00:23:47.040Z,"50 km NNE of Bharatpur, Nepal",earthquake,9.9,4.8,0.094,31,reviewed,us,us
2015-04-29T11:27:45.310Z,27.864,85.4086,10,4.6,mb,,94,5.342,0.59,us,us20002a59,2022-07-31T02:49:09.193Z,"19 km NW of Nagarkot, Nepal",earthquake,8.6,1.8,0.06,83,reviewed,us,us
2015-04-29T09:39:14.120Z,27.7449,84.564,10,4.2,mb,,149,6.084,0.67,us,us20002c9g,2015-07-03T00:23:47.040Z,"14 km ENE of Bharatpur, Nepal",earthquake,11.4,1.9,0.103,27,reviewed,us,us
2015-04-28T21:44:23.980Z,27.9577,85.8817,10,4.1,mb,,177,0.822,0.71,us,us20002c6a,2022-07-31T06:41:49.405Z,"7 km W of Kod?ri??, Nepal",earthquake,7,1.8,0.158,11,reviewed,us,us
2015-04-27T23:20:28.520Z,27.9641,85.2821,10,4.2,mb,,53,1.353,1,us,us200029qa,2022-07-31T02:29:29.675Z,"29 km N of Kathmandu, Nepal",earthquake,5.2,1.8,0.083,40,reviewed,us,us
2015-04-27T21:27:41.790Z,27.841,85.7877,10,4.2,mb,,166,0.913,0.68,us,us200029p0,2022-07-31T02:22:54.032Z,"21 km SW of Kod?ri??, Nepal",earthquake,7.1,1.9,0.091,34,reviewed,us,us
2015-04-27T21:14:57.990Z,27.8402,85.4008,10,3.7,mb,,157,1.254,0.64,us,us200029pj,2022-07-31T02:24:46.223Z,"Nepal",earthquake,10,2,0.169,9,reviewed,us,us
2015-04-27T18:59:57.010Z,28.0066,84.682,21.35,4.8,mb,,61,1.884,0.74,us,us200029ma,2022-07-31T02:23:48.301Z,"43 km NNE of Bharatpur, Nepal",earthquake,3.9,4.5,0.055,102,reviewed,us,us
2015-04-27T15:51:46.110Z,27.6728,85.1212,10,4.3,mb,,140,5.65,0.81,us,us200029lc,2022-07-31T02:20:59.094Z,"15 km W of Kirtipur, Nepal",earthquake,10.6,1.9,0.087,37,reviewed,us,us
2015-04-27T14:57:00.080Z,27.8065,85.8855,10,4,mb,,146,4.974,0.85,us,us200029la,2022-07-31T02:20:02.291Z,"18 km SSW of Kod?ri??, Nepal",earthquake,7,1.9,0.106,24,reviewed,us,us
2015-04-27T14:42:39.210Z,27.6802,85.6085,10,4.3,mb,,128,5.249,0.32,us,us20002bw5,2015-07-03T00:23:44.040Z,"9 km NE of Dhulikhel, Nepal",earthquake,8.9,1.9,0.153,12,reviewed,us,us
2015-04-27T13:17:47.600Z,28.0231,84.5829,19.52,4.3,mb,,187,5.978,0.66,us,us20002bw0,2015-07-03T00:23:44.040Z,"41 km NNE of Bharatpur, Nepal",earthquake,9.8,5.3,0.178,9,reviewed,us,us
2015-04-27T06:00:00.390Z,27.8347,86.1373,10,4,mb,,109,0.738,1.11,us,us20002bvi,2015-07-03T00:23:43.040Z,"22 km SE of Kod?ri??, Nepal",earthquake,6.3,1.9,0.144,13,reviewed,us,us
2015-04-27T04:14:44.840Z,27.9352,84.7251,10,4.1,mb,,128,5.886,1.3,us,us20002bvt,2015-07-03T00:23:43.040Z,"40 km NE of Bharatpur, Nepal",earthquake,11.6,1.9,0.13,16,reviewed,us,us
2015-04-27T01:15:51.060Z,27.4565,85.7818,10,4.3,mb,,173,5.205,0.95,us,us20002bvj,2022-07-31T04:33:34.401Z,"29 km ESE of Panauti, Nepal",earthquake,12.5,1.9,0.154,12,reviewed,us,us
2015-04-27T00:39:16.330Z,27.6794,84.9579,10,4.1,mb,,137,0.318,0.73,us,us200029h7,2022-07-31T02:08:29.056Z,"28 km NNW of Hetauda, Nepal",earthquake,5.4,1.8,0.094,31,reviewed,us,us
2015-04-26T22:32:34.720Z,27.5298,85.6751,10,4.6,mb,,69,1.094,0.53,us,us200029gc,2022-07-31T02:04:50.500Z,"16 km ESE of Panauti, Nepal",earthquake,4.7,1.7,0.07,61,reviewed,us,us
2015-04-26T20:39:20.030Z,27.8804,85.7813,10,4.3,mb,,69,5.03,0.96,us,us200029fa,2022-07-31T02:00:10.350Z,"19 km WSW of Kod?ri??, Nepal",earthquake,7.2,1.9,0.122,19,reviewed,us,us
2015-04-26T18:54:49.080Z,27.9888,84.7645,10,4.4,mb,,146,1.81,0.82,us,us200029ev,2015-07-03T00:23:43.040Z,"47 km NE of Bharatpur, Nepal",earthquake,6,1.9,0.077,49,reviewed,us,us
2015-04-26T18:06:31.490Z,27.7579,85.3686,10,4.2,mb,,108,1.293,0.88,us,us20002btb,2015-07-03T00:23:42.040Z,"7 km NE of Kathmandu, Nepal",earthquake,8.8,1.9,0.186,8,reviewed,us,us
2015-04-26T16:26:06.730Z,27.8297,85.865,14,5,mwb,,22,0.847,0.73,us,us200029ea,2022-07-31T01:55:22.787Z,"17 km SSW of Kod?ri??, Nepal",earthquake,5.6,1.7,0.044,50,reviewed,us,us
2015-04-26T14:57:04.380Z,28.1223,84.6464,10,4.3,mb,,141,1.92,0.6,us,us200029dx,2022-07-31T01:57:21.763Z,"53 km NNE of Bharatpur, Nepal",earthquake,5.8,1.7,0.079,45,reviewed,us,us
2015-04-26T14:44:50.510Z,27.686,85.9657,10,4.5,mb,,149,0.797,0.71,us,us200029dv,2022-07-31T01:56:22.480Z,"30 km S of Kod?ri??, Nepal",earthquake,4.9,1.9,0.081,45,reviewed,us,us
2015-04-26T13:11:15.170Z,27.8112,85.4088,10,4.5,mb,,79,5.362,0.6,us,us200029dc,2022-07-31T01:53:24.260Z,"14 km N of Madhyapur Thimi, Nepal",earthquake,8.9,1.9,0.069,61,reviewed,us,us
2015-04-26T12:34:41.310Z,27.5683,85.7179,8.42,4,mb,,144,0.384,0.39,us,us20002bt2,2022-07-31T05:35:43.110Z,"18 km ESE of Dhulikhel, Nepal",earthquake,6.7,3.9,0.122,22,reviewed,us,us
2015-04-26T09:42:03.630Z,27.4422,85.9371,10,4.3,mb,,181,0.93,0.81,us,us20002bsn,2022-07-31T05:21:49.328Z,"43 km ESE of Dhulikhel, Nepal",earthquake,12.7,1.9,0.201,10,reviewed,us,us
2015-04-26T08:46:17.050Z,27.9232,85.8032,10,4.4,mb,,124,0.893,0.51,us,us200029c5,2022-07-31T01:49:38.907Z,"15 km WSW of Kod?ri??, Nepal",earthquake,5,1.9,0.081,44,reviewed,us,us
2015-04-26T08:40:55.820Z,27.7307,85.854,10,4.6,mb,,85,0.877,0.91,us,us200029c4,2022-07-31T01:48:44.592Z,"27 km SSW of Kod?ri??, Nepal",earthquake,6.2,1.8,0.062,77,reviewed,us,us
2015-04-26T08:22:12.350Z,28.0119,85.8449,10,4.4,mb,,140,0.856,0.79,us,us20002bty,2015-07-03T00:23:42.040Z,"12 km WNW of Kod?ri??, Nepal",earthquake,6.6,1.9,0.162,11,reviewed,us,us
2015-04-26T08:10:37.340Z,27.8072,85.781,10,4.3,mb,,154,0.924,0.98,us,us20002bsh,2015-07-03T00:23:42.040Z,"24 km SW of Kod?ri??, Nepal",earthquake,5.8,1.9,0.142,14,reviewed,us,us
2015-04-26T07:50:26.020Z,27.7325,86.0078,10,4.2,mb,,92,0.746,0.9,us,us20002bsg,2015-07-03T00:23:41.040Z,"25 km SSE of Kod?ri??, Nepal",earthquake,6.5,1.9,0.159,11,reviewed,us,us
2015-04-26T07:36:26.570Z,27.7555,85.9822,10,4.7,mb,,141,0.761,0.72,us,us200029by,2022-07-31T01:47:50.289Z,"22 km S of Kod?ri??, Nepal",earthquake,6.5,1.9,0.079,49,reviewed,us,us
2015-04-26T07:26:04.190Z,27.7004,85.9136,10,4.9,mb,,40,0.835,0.57,us,us200029bx,2022-07-31T01:46:56.457Z,"29 km S of Kod?ri??, Nepal",earthquake,5.1,1.8,0.055,102,reviewed,us,us
2015-04-26T07:09:10.670Z,27.7711,86.0173,22.91,6.7,mww,,13,0.727,0.86,us,us200029bt,2025-02-22T05:38:38.490Z,"21 km SSE of Kod?ri??, Nepal",earthquake,6.6,2.9,,,reviewed,us,us
2015-04-26T04:58:40.040Z,27.9966,84.7082,10,4.5,mb,,125,1.86,1.05,us,us200029bl,2022-07-31T01:44:45.736Z,"44 km NE of Bharatpur, Nepal",earthquake,9.5,1.9,0.086,42,reviewed,us,us
2015-04-26T04:50:29.550Z,28.0281,85.3595,10,4.1,mb,,146,1.286,1.07,us,us20002bsp,2015-07-03T00:23:41.040Z,"36 km N of Kathmandu, Nepal",earthquake,9,1.8,0.198,7,reviewed,us,us
2015-04-26T04:40:16.330Z,28.1724,84.6699,10,4,mb,,168,1.904,1.46,us,us20002bs4,2022-07-31T05:30:56.315Z,"59 km NNE of Bharatpur, Nepal",earthquake,8.6,1.9,0.211,8,reviewed,us,us
2015-04-26T03:21:36.160Z,27.469,85.5624,10,4.3,mb,,135,1.21,1.16,us,us200029b9,2015-07-03T00:23:41.040Z,"13 km SSE of Panauti, Nepal",earthquake,7.5,1.9,0.09,35,reviewed,us,us
2015-04-26T02:48:39.070Z,28.2272,84.5858,10,4.5,mb,,62,1.984,0.87,us,us200029b1,2022-07-31T01:43:52.187Z,"60 km E of Pokhara, Nepal",earthquake,8.7,1.9,0.065,70,reviewed,us,us
2015-04-26T02:33:26.940Z,27.6257,86.0531,10,4.1,mb,,174,0.749,0.79,us,us20002bs0,2015-07-03T00:23:41.040Z,"38 km SSE of Kod?ri??, Nepal",earthquake,7.6,1.9,0.213,6,reviewed,us,us
2015-04-26T02:02:07.850Z,27.5936,85.4424,10,4.2,mb,,151,1.266,0.92,us,us20002brx,2015-07-03T00:23:41.040Z,"4 km SSW of Hari Bdr Tamang House, Nepal",earthquake,10,1.9,0.263,5,reviewed,us,us
2015-04-25T23:55:46.070Z,27.6098,85.8354,6.57,4.1,mb,,144,0.932,0.81,us,us20002bhg,2015-07-03T00:23:41.040Z,"28 km E of Dhulikhel, Nepal",earthquake,5.3,4.2,0.093,32,reviewed,us,us
2015-04-25T23:41:53.750Z,27.6678,86.0726,15.68,4.5,mb,,86,0.715,0.71,us,us2000299x,2022-07-31T01:39:28.444Z,"34 km SSE of Kod?ri??, Nepal",earthquake,5.5,2.9,0.057,91,reviewed,us,us
2015-04-25T23:16:15.450Z,27.7993,84.8715,13.61,5.1,mww,,26,1.724,0.67,us,us2000299v,2022-07-31T01:37:39.168Z,"42 km WNW of Kirtipur, Nepal",earthquake,7,3.1,,,reviewed,us,us
2015-04-25T23:12:52.060Z,27.6038,86.0873,9.21,4,mb,,160,0.732,0.3,us,us200029bb,2015-07-03T00:23:41.040Z,"41 km SSE of Kod?ri??, Nepal",earthquake,4.6,5.1,0.122,18,reviewed,us,us
2015-04-25T21:07:20.000Z,27.7657,85.8114,23.88,4.6,mb,,86,0.906,0.69,us,us20002993,2022-07-31T01:36:45.810Z,"25 km SSW of Kod?ri??, Nepal",earthquake,4.9,4.4,0.051,117,reviewed,us,us
2015-04-25T20:32:48.240Z,27.6437,85.9241,10,4.4,mb,,79,0.846,0.71,us,us2000298x,2015-07-03T00:23:41.040Z,"35 km S of Kod?ri??, Nepal",earthquake,6,1.9,0.066,67,reviewed,us,us
2015-04-25T20:07:01.970Z,27.9754,84.5282,10,4.4,mb,,40,2.019,0.72,us,us20002bh2,2015-07-03T00:23:41.040Z,"34 km NNE of Bharatpur, Nepal",earthquake,8.7,1.8,0.089,36,reviewed,us,us
2015-04-25T18:58:34.530Z,27.6376,85.3501,14.2,4.2,mb,,107,0.028,0.86,us,us20002984,2015-07-03T00:23:40.040Z,"5 km SE of P?tan, Nepal",earthquake,9.1,3.2,0.084,39,reviewed,us,us
2015-04-25T17:46:17.590Z,28.2139,86.1072,35.26,4.5,mb,,182,0.672,1.33,us,us20002bir,2015-07-03T00:23:40.040Z,"31 km NNE of Kod?ri??, Nepal",earthquake,13,17.1,0.272,5,reviewed,us,us
2015-04-25T17:42:50.910Z,28.238,85.829,10,5.1,mwr,,31,0.911,0.99,us,us2000297g,2022-07-31T01:32:52.897Z,"33 km NNW of Kod?ri??, Nepal",earthquake,5.7,1.7,0.11,8,reviewed,us,us
2015-04-25T16:27:21.660Z,27.8695,85.6359,10,4.9,mb,,76,1.044,0.89,us,us20002970,2022-07-31T01:31:58.085Z,"20 km NNE of Nagarkot, Nepal",earthquake,3.2,1.8,0.047,143,reviewed,us,us
2015-04-25T14:10:03.730Z,27.7109,85.8748,10,4.6,mb,,72,0.865,0.78,us,us20002965,2022-07-31T01:27:15.296Z,"28 km SSW of Kod?ri??, Nepal",earthquake,5.5,1.7,0.077,50,reviewed,us,us
2015-04-25T13:36:14.620Z,27.7266,85.9826,10,4.7,mb,,166,0.769,0.98,us,us2000295x,2015-07-03T00:23:40.040Z,"26 km S of Kod?ri??, Nepal",earthquake,3.2,1.9,0.079,48,reviewed,us,us
2015-04-25T13:30:28.030Z,28.0768,85.0378,10,4.6,mb,,86,1.572,1.22,us,us2000295v,2022-07-31T01:25:28.240Z,"50 km NNW of Kirtipur, Nepal",earthquake,7.8,1.9,0.084,42,reviewed,us,us
2015-04-25T13:29:31.610Z,27.8055,85.7909,10,4.3,mb,,98,0.916,0.94,us,us2000298a,2015-07-03T00:23:40.040Z,"23 km SW of Kod?ri??, Nepal",earthquake,5.3,1.9,0.123,19,reviewed,us,us
2015-04-25T12:44:05.170Z,28.0979,84.5594,10,5.2,mb,,39,1.995,0.91,us,us2000295i,2022-07-31T01:23:20.220Z,"48 km NNE of Bharatpur, Nepal",earthquake,4,1.8,0.038,234,reviewed,us,us
2015-04-25T12:39:52.630Z,27.4844,86.0952,10,4,mb,,101,0.791,0.96,us,us20002bg4,2015-07-03T00:23:40.040Z,"54 km SSE of Kod?ri??, Nepal",earthquake,4.5,1.9,0.108,23,reviewed,us,us
2015-04-25T12:17:54.790Z,27.9261,85.449,10,4.5,mb,,79,1.206,0.88,us,us2000295f,2022-07-31T01:24:26.398Z,"24 km NNW of Nagarkot, Nepal",earthquake,7.6,1.9,0.069,61,reviewed,us,us
2015-04-25T12:12:14.790Z,27.6645,85.8954,10,4.3,mb,,127,0.862,0.8,us,us2000295c,2015-07-03T00:23:40.040Z,"33 km S of Kod?ri??, Nepal",earthquake,3.2,1.9,0.08,44,reviewed,us,us
2015-04-25T12:01:10.730Z,27.8638,85.9255,10,4.2,mb,,161,0.789,0.69,us,us2000295a,2022-07-31T01:22:25.689Z,"11 km SSW of Kod?ri??, Nepal",earthquake,6.5,1.9,0.098,29,reviewed,us,us
2015-04-25T11:41:47.700Z,28.0596,85.0566,10,4.2,mb,,102,1.555,0.77,us,us2000299i,2015-07-03T00:23:40.040Z,"47 km NNW of Kathmandu, Nepal",earthquake,6.2,1.9,0.093,32,reviewed,us,us
2015-04-25T11:23:47.560Z,27.6483,85.4309,10,4.5,mb,,46,1.261,0.68,us,us20002bgs,2022-07-31T08:34:33.409Z,"3 km NW of Hari Bdr Tamang House, Nepal",earthquake,8,1.9,0.096,32,reviewed,us,us
2015-04-25T11:18:30.100Z,27.4923,86.0058,10,4.4,mb,,170,0.852,0.48,us,us20002bgp,2015-07-03T00:23:40.040Z,"47 km ESE of Dhulikhel, Nepal",earthquake,7.3,1.9,0.138,15,reviewed,us,us
2015-04-25T11:15:18.020Z,27.6021,86.0505,10,4,mb,,150,0.762,0.81,us,us20002bgq,2015-07-03T00:23:40.040Z,"40 km SSE of Kod?ri??, Nepal",earthquake,5,1.8,0.125,17,reviewed,us,us
2015-04-25T11:05:01.240Z,27.933,85.5471,10,4.2,mb,,69,1.119,0.86,us,us2000299g,2015-07-03T00:23:40.040Z,"24 km N of Nagarkot, Nepal",earthquake,8.1,1.9,0.093,32,reviewed,us,us
2015-04-25T10:53:43.530Z,27.8061,85.8842,10,4.6,mb,,52,0.835,0.75,us,us2000294y,2015-07-03T00:23:40.040Z,"18 km SSW of Kod?ri??, Nepal",earthquake,6,1.9,0.065,70,reviewed,us,us
2015-04-25T10:52:00.490Z,27.5075,85.6304,10,4,mb,,137,1.139,0.65,us,us20002bfs,2015-07-03T00:23:40.040Z,"13 km SE of Panauti, Nepal",earthquake,5.7,1.9,0.138,15,reviewed,us,us
2015-04-25T10:50:45.880Z,28.1447,84.6237,10,4.2,mb,,170,1.942,0.28,us,us20002bft,2015-07-03T00:23:40.040Z,"55 km NNE of Bharatpur, Nepal",earthquake,8,1.9,0.2,7,reviewed,us,us
2015-04-25T10:40:35.550Z,27.6033,85.9565,10,4.8,mb,,43,0.836,0.81,us,us2000294x,2022-07-31T01:21:34.219Z,"Nepal",earthquake,5.9,1.9,0.047,141,reviewed,us,us
2015-04-25T10:40:13.500Z,27.7704,85.8322,10,4.1,mb,,147,0.887,0.65,us,us20002bgn,2015-07-03T00:23:40.040Z,"24 km SSW of Kod?ri??, Nepal",earthquake,3.2,1.9,0.1,29,reviewed,us,us
2015-04-25T10:23:17.670Z,27.7999,85.8035,10,4.4,mb,,143,0.906,0.8,us,us2000294u,2022-07-31T01:20:34.399Z,"23 km SW of Kod?ri??, Nepal",earthquake,6.5,1.9,0.086,39,reviewed,us,us
2015-04-25T10:10:32.840Z,28.2838,84.7255,10,4.2,mb,,57,1.87,0.92,us,us20002bfp,2015-07-03T00:23:40.040Z,"73 km NNE of Bharatpur, Nepal",earthquake,4.6,1.9,0.088,36,reviewed,us,us
2015-04-25T09:53:32.600Z,27.5326,85.7255,10,4,mb,,123,1.052,0.59,us,us20002bfn,2015-07-03T00:23:40.040Z,"20 km ESE of Dhulikhel, Nepal",earthquake,7.8,1.7,0.173,11,reviewed,us,us
2015-04-25T09:43:00.840Z,28.0668,84.8842,10,4.4,mb,,159,1.707,0.6,us,us20002bfj,2015-07-03T00:23:40.040Z,"57 km NW of Kirtipur, Nepal",earthquake,8.3,1.8,0.088,37,reviewed,us,us
2015-04-25T09:30:29.690Z,27.9945,85.5209,10,4.9,mb,,42,1.142,0.68,us,us2000294i,2022-07-31T01:18:33.237Z,"30 km N of Nagarkot, Nepal",earthquake,6.8,1.8,0.043,173,reviewed,us,us
2015-04-25T09:28:00.080Z,28.0061,85.3104,10,4.4,mb,,77,1.328,0.85,us,us20002bfh,2015-07-03T00:23:39.040Z,"33 km N of Kathmandu, Nepal",earthquake,8.1,1.9,0.1,32,reviewed,us,us
2015-04-25T09:22:36.900Z,27.7192,85.7503,10,4.7,mb,,50,0.969,0.81,us,us20002bg6,2015-07-03T00:23:39.040Z,"22 km E of Nagarkot, Nepal",earthquake,5.3,1.9,0.088,39,reviewed,us,us
2015-04-25T09:03:14.960Z,27.8743,85.3426,10,4.8,mb,,82,1.302,0.61,us,us2000294e,2015-07-03T00:23:39.040Z,"19 km N of Kathmandu, Nepal",earthquake,7.3,1.8,0.055,102,reviewed,us,us
2015-04-25T09:01:51.540Z,27.8084,85.0718,10,4.4,mb,,146,1.547,0.46,us,us20002bfy,2015-07-03T00:23:39.040Z,"24 km NW of Kirtipur, Nepal",earthquake,6.5,1.9,0.144,14,reviewed,us,us
2015-04-25T08:55:55.960Z,27.5866,85.5058,10,5.3,mb,,41,1.215,0.8,us,us2000294d,2022-07-31T01:16:42.886Z,"0 km WNW of Panauti??, Nepal",earthquake,6.6,1.8,0.045,168,reviewed,us,us
2015-04-25T08:49:09.080Z,27.7404,84.8893,10,4.4,mb,,98,1.716,0.63,us,us2000294a,2015-07-03T00:23:39.040Z,"37 km NNW of Hetauda, Nepal",earthquake,5.5,1.7,0.074,53,reviewed,us,us
2015-04-25T08:36:05.260Z,27.7292,85.1727,10,4.2,mb,,123,1.469,0.62,us,us20002bgd,2015-07-03T00:23:39.040Z,"Nepal",earthquake,7.8,1.6,0.092,33,reviewed,us,us
2015-04-25T08:31:32.430Z,27.6708,85.9539,10,4.6,mb,,166,0.812,0.78,us,us20002bgc,2015-07-03T00:23:39.040Z,"32 km S of Kod?ri??, Nepal",earthquake,7.2,1.9,0.107,26,reviewed,us,us
2015-04-25T08:29:24.560Z,27.9351,84.6218,10,5,mb,,99,1.937,0.68,us,us20002946,2022-07-31T01:15:40.894Z,"33 km NNE of Bharatpur, Nepal",earthquake,8.2,1.8,0.05,129,reviewed,us,us
2015-04-25T08:22:47.620Z,27.8166,85.5666,10,4.6,mb,,149,1.111,0.66,us,us20002bik,2015-07-03T00:23:39.040Z,"12 km NNE of Nagarkot, Nepal",earthquake,8.6,1.9,0.1,30,reviewed,us,us
2015-04-25T08:20:48.800Z,27.6429,85.16,10,4.9,mb,,69,1.496,0.79,us,us20002bfd,2022-05-03T17:23:06.480Z,"12 km WSW of Kirtipur, Nepal",earthquake,7.2,1.8,0.057,96,reviewed,us,us
2015-04-25T08:20:11.160Z,27.8549,85.7931,10,4.7,mb,,82,0.907,0.72,us,us20002944,2015-07-03T00:23:39.040Z,"19 km SW of Kod?ri??, Nepal",earthquake,4.2,1.8,0.063,76,reviewed,us,us
2015-04-25T08:16:59.230Z,27.7014,85.7563,10,4.9,mb,,76,0.969,0.55,us,us20002942,2022-05-03T17:20:47.163Z,"22 km ENE of Dhulikhel, Nepal",earthquake,6.2,1.8,0.051,123,reviewed,us,us
2015-04-25T08:05:37.950Z,27.8132,85.7943,10,4.6,mb,,104,0.912,0.75,us,us2000293v,2022-07-31T01:14:45.061Z,"22 km SW of Kod?ri??, Nepal",earthquake,5.6,1.4,0.058,90,reviewed,us,us
2015-04-25T07:59:14.660Z,27.8426,85.7676,10,4.4,mb,,166,0.931,0.57,us,us20002bfc,2015-07-03T00:23:39.040Z,"22 km SW of Kod?ri??, Nepal",earthquake,5.4,1.9,0.098,30,reviewed,us,us
2015-04-25T07:55:44.070Z,27.846,85.4875,10,4.4,mb,,146,1.177,0.65,us,us20002bg8,2015-07-03T00:23:39.040Z,"14 km NNW of Nagarkot, Nepal",earthquake,3.9,1.9,0.088,37,reviewed,us,us
2015-04-25T07:47:01.480Z,27.8172,85.5955,10,5,mb,,79,1.085,0.59,us,us2000293p,2022-07-31T01:13:44.729Z,"13 km NNE of Nagarkot, Nepal",earthquake,6.9,1.8,0.052,118,reviewed,us,us
2015-04-25T07:39:33.970Z,27.6821,85.7383,10,4.5,mb,,99,0.989,0.66,us,us2000293l,2015-07-03T00:23:39.040Z,"20 km ENE of Dhulikhel, Nepal",earthquake,6.5,1.3,0.076,51,reviewed,us,us
2015-04-25T07:34:55.190Z,27.9633,85.6099,10,4.3,mb,,166,1.063,0.54,us,us20002bic,2015-07-03T00:23:39.040Z,"28 km NNE of Nagarkot, Nepal",earthquake,7.8,1.9,0.133,16,reviewed,us,us
2015-04-25T07:33:47.410Z,27.6891,84.9918,10,4.3,mb,,157,1.634,0.77,us,us20002bf8,2015-07-03T00:23:39.040Z,"28 km W of Kirtipur, Nepal",earthquake,8.9,1.9,0.108,24,reviewed,us,us
2015-04-25T07:23:38.520Z,27.8053,85.8924,10,4.4,mb,,119,0.828,0.73,us,us20002bg5,2015-07-03T00:23:39.040Z,"18 km SSW of Kod?ri??, Nepal",earthquake,7,1.9,0.088,37,reviewed,us,us
2015-04-25T07:22:55.740Z,27.8854,85.8478,10,4.2,mb,,149,0.856,0.88,us,us20002bf5,2015-07-03T00:23:39.040Z,"13 km SW of Kod?ri??, Nepal",earthquake,7.4,1.9,0.136,15,reviewed,us,us
2015-04-25T07:20:24.230Z,27.7574,85.3405,10,4,mb,,120,1.317,0.75,us,us20002bf6,2015-07-03T00:23:39.040Z,"6 km NNE of Kathmandu, Nepal",earthquake,6.7,1.9,0.116,20,reviewed,us,us
2015-04-25T07:16:55.060Z,27.8818,85.6791,10,4.7,mb,,81,1.005,0.85,us,us2000293d,2015-07-03T00:23:39.040Z,"24 km NE of Nagarkot, Nepal",earthquake,3.1,1.8,0.064,75,reviewed,us,us
2015-04-25T07:13:44.150Z,27.615,85.7307,10,4.8,mb,,105,1.017,0.72,us,us2000293i,2022-07-31T01:10:44.269Z,"18 km E of Dhulikhel, Nepal",earthquake,6.4,1.5,0.07,63,reviewed,us,us
2015-04-25T07:07:59.920Z,27.7879,85.914,10,4.9,mb,,57,0.812,0.73,us,us20002939,2022-07-31T01:11:44.856Z,"19 km SSW of Kod?ri??, Nepal",earthquake,6,1.8,0.054,108,reviewed,us,us
2015-04-25T07:05:28.010Z,27.9482,85.5837,10,4.3,mb,,97,1.086,0.84,us,us20002bg2,2015-07-03T00:23:39.040Z,"26 km NNE of Nagarkot, Nepal",earthquake,5.8,1.9,0.116,21,reviewed,us,us
2015-04-25T07:05:00.930Z,28.029,85.3682,10,4.2,mb,,104,1.278,0.68,us,us20002bhk,2015-07-03T00:23:39.040Z,"36 km N of Kathmandu, Nepal",earthquake,5.6,1.8,0.112,22,reviewed,us,us
2015-04-25T07:03:49.750Z,27.964,84.6843,10,4.4,mb,,147,1.881,0.45,us,us20002bg3,2022-07-31T07:16:01.874Z,"40 km NE of Bharatpur, Nepal",earthquake,4.3,1.8,0.084,41,reviewed,us,us
2015-04-25T07:03:09.350Z,27.4173,86.0237,10,4.4,mb,,110,0.882,0.92,us,us20002bhp,2015-07-03T00:23:39.040Z,"52 km ESE of Dhulikhel, Nepal",earthquake,6,1.9,0.144,14,reviewed,us,us
2015-04-25T06:58:27.570Z,27.7219,86.0061,10,5.1,mb,,76,0.751,0.55,us,us20002bfz,2022-05-03T17:23:00.632Z,"26 km S of Kod?ri??, Nepal",earthquake,6.8,1.8,0.077,55,reviewed,us,us
2015-04-25T06:56:33.860Z,27.8822,85.7505,10,5.5,mb,,39,0.942,0.65,us,us20002934,2022-07-31T01:12:49.171Z,"22 km WSW of Kod?ri??, Nepal",earthquake,3,1.8,0.053,123,reviewed,us,us
2015-04-25T06:53:42.750Z,27.672,85.2009,10,5,mb,,42,1.455,0.65,us,us20002bf3,2022-05-03T17:22:58.327Z,"7 km W of Kirtipur, Nepal",earthquake,8,1.8,0.095,35,reviewed,us,us
2015-04-25T06:45:21.320Z,28.2244,84.8216,10,6.6,mww,,16,1.778,0.64,us,us2000292y,2025-02-22T05:33:18.829Z,"71 km NNE of Bharatpur, Nepal",earthquake,7.4,1.7,,,reviewed,us,us
2015-04-25T06:44:39.040Z,27.5862,85.5012,10,4.6,mb,,117,1.219,1.14,us,us20002bim,2015-07-03T00:23:39.040Z,"1 km W of Panauti??, Nepal",earthquake,5,1.9,0.114,23,reviewed,us,us
2015-04-25T06:37:58.690Z,27.7435,85.8302,10,5.1,mb,,76,0.895,0.65,us,us2000292w,2022-07-31T01:09:42.615Z,"27 km SSW of Kod?ri??, Nepal",earthquake,4.2,1.8,0.057,101,reviewed,us,us
2015-04-25T06:32:48.870Z,27.7244,85.9479,10,4.6,mb,,128,0.799,1.07,us,us20002bfx,2015-07-03T00:23:39.040Z,"26 km S of Kod?ri??, Nepal",earthquake,8,1.9,0.126,19,reviewed,us,us
2015-04-25T06:29:46.130Z,27.8478,85.0717,10,4.7,mb,,98,1.543,0.58,us,us20002bfi,2015-07-03T00:23:39.040Z,"Nepal",earthquake,8.4,1.9,0.159,12,reviewed,us,us
2015-04-25T06:28:05.780Z,27.7006,85.5043,10,4.8,mb,,75,1.186,0.96,us,us20002bf2,2022-05-03T17:22:54.929Z,"2 km SW of Nagarkot, Nepal",earthquake,7.9,1.8,0.087,41,reviewed,us,us
2015-04-25T06:25:55.260Z,27.687,85.5854,10,5,mb,,58,1.119,0.63,us,us20002bfk,2022-05-03T17:22:53.826Z,"7 km ESE of Nagarkot, Nepal",earthquake,8.3,1.8,0.075,57,reviewed,us,us
2015-04-25T06:22:23.350Z,27.813,85.448,18,5.26,mw,,,,,iscgem,iscgem607260025,2022-05-03T17:22:52.632Z,"12 km NNW of Nagarkot, Nepal",earthquake,,8.4,0.22,,reviewed,iscgem,iscgem
2015-04-25T06:22:02.750Z,27.8006,85.1141,10,5.1,mb,,99,1.511,0.86,us,us20002bhs,2024-01-17T21:09:09.592Z,"21 km NW of Kirtipur, Nepal",earthquake,7.8,1.5,0.131,19,reviewed,us,us
2015-04-25T06:18:10.870Z,27.6857,86.0213,10,5.6,mb,,42,0.751,0.76,us,us20002bi0,2024-06-16T23:45:39.737Z,"31 km SSE of Kod?ri??, Nepal",earthquake,7.4,1.9,0.109,30,reviewed,us,us
2015-04-25T06:15:22.910Z,27.6285,85.5398,10,6.1,mb,,43,1.173,1.02,us,us20002bi4,2024-06-16T23:45:44.729Z,"0 km NNW of Dhulikhel, Nepal",earthquake,8,1.8,0.089,48,reviewed,us,us
2015-04-25T06:11:25.950Z,28.2305,84.7314,8.22,7.8,mww,,12,1.857,0.96,us,us20002926,2025-08-07T10:31:11.955Z,"67 km NNE of Bharatpur, Nepal",earthquake,7.3,2.9,,,reviewed,us,us
2014-12-18T15:32:12.950Z,27.7395,86.3702,33.6,5,mb,,40,4.612,0.84,us,usc000t7wj,2022-07-27T10:57:44.431Z,"34 km WSW of Namche Bazar, Nepal",earthquake,7.2,4.3,0.054,110,reviewed,us,us
2014-11-25T15:49:07.720Z,28.2061,84.7414,21.05,4.4,mb,,135,5.79,0.68,us,usb000szw6,2015-02-18T03:30:59.040Z,"65 km NNE of Bharatpur, Nepal",earthquake,10,5.1,0.085,47,reviewed,us,us
2013-08-30T18:02:28.820Z,28.0742,85.7479,45.78,4.1,mb,,169,4.987,0.8,us,usc000jqrn,2013-11-06T01:33:34.000Z,"24 km WNW of Kod?ri??, Nepal",earthquake,,7.6,0.107,,reviewed,us,us
2013-08-30T17:48:42.980Z,28.1613,85.8966,54.65,4.9,mb,,37,0.681,1.09,us,usb000jdvj,2022-07-25T21:27:30.464Z,"23 km NNW of Kod?ri??, Nepal",earthquake,,5,0.049,,reviewed,us,us
2012-11-05T13:08:00.030Z,28.447,86.187,77.8,4.5,mb,71,38.9,,1.04,us,usp000jv2d,2015-03-24T01:47:47.524Z,"58 km NNE of Kod?ri??, Nepal",earthquake,,,,26,reviewed,us,us
2011-11-12T23:46:56.810Z,28.212,84.93,50.5,4.2,mb,44,39.6,,1.09,us,usp000jas4,2015-03-24T01:59:30.658Z,"68 km NNW of Kirtipur, Nepal",earthquake,,6,,12,reviewed,us,us
2010-10-18T04:26:51.270Z,28.492,85.647,43,4,mb,33,97.6,,0.77,us,usp000hn82,2014-11-07T01:42:43.666Z,"66 km NNW of Kod?ri??, Nepal",earthquake,,11.3,,5,reviewed,us,us
2010-10-17T20:11:18.460Z,28.487,85.677,41.1,4.9,mb,100,47.9,,0.93,us,usp000hn7q,2022-07-18T22:23:26.338Z,"64 km NNW of Kod?ri??, Nepal",earthquake,,8.4,,36,reviewed,us,us
2008-07-31T22:20:16.550Z,28.516,86.295,10,3.8,mb,22,97.1,,0.85,us,usp000gdja,2014-11-07T01:36:44.849Z,"69 km NNE of Kod?ri??, Nepal",earthquake,,,,7,reviewed,us,us
2008-06-22T18:14:48.770Z,28.429,85.681,66.1,3.7,mb,22,75.1,,0.97,us,usp000gaax,2014-11-07T01:36:25.030Z,"58 km NNW of Kod?ri??, Nepal",earthquake,,8,,2,reviewed,us,us
2008-06-20T18:05:56.940Z,27.863,85.714,12.9,4.1,mb,44,84.1,,0.71,us,usp000ga63,2014-11-07T01:36:23.633Z,"25 km NE of Nagarkot, Nepal",earthquake,,3.2,,14,reviewed,us,us
2007-10-29T09:49:21.150Z,27.945,85.38,16.1,4.7,mb,58,59.1,,0.96,us,usp000frhm,2022-07-14T01:43:46.412Z,"27 km NNE of Kathmandu, Nepal",earthquake,,3.9,,18,reviewed,us,us
2006-04-04T08:23:05.760Z,28.051,85.789,2.7,4.1,mb,25,51.8,,1.37,us,usp000ednq,2014-11-07T01:28:43.060Z,"19 km WNW of Kod?ri??, Nepal",earthquake,,10.6,,7,reviewed,us,us
2005-12-25T18:08:07.630Z,28.576,86.087,54.9,4,mb,12,183.6,,0.9,us,usp000e6vq,2014-11-07T01:27:56.641Z,"69 km N of Kod?ri??, Nepal",earthquake,,23.6,,2,reviewed,us,us
2005-10-31T21:47:56.070Z,28.39,84.863,10,4.7,mwc,128,36,,0.79,us,usp000e38d,2016-11-10T01:13:58.553Z,"88 km NNW of Kathmandu, Nepal",earthquake,,0,,,reviewed,us,hrv
2005-10-14T04:43:04.530Z,28.225,86.243,10,3.9,mb,8,183.8,,0.35,us,usp000e1sx,2014-11-07T01:27:23.356Z,"40 km NE of Kod?ri??, Nepal",earthquake,,,,1,reviewed,us,us
2005-03-29T15:51:24.970Z,28.016,84.699,10,3.9,mb,19,71.2,,1.21,us,usp000dkhe,2014-11-07T01:25:21.316Z,"45 km NE of Bharatpur, Nepal",earthquake,,,,3,reviewed,us,us
2005-02-08T04:13:56.390Z,27.76,86.072,14.6,4.1,mb,16,118.8,,1.2,us,usp000dfpv,2014-11-07T01:24:57.255Z,"24 km SSE of Kod?ri??, Nepal",earthquake,,6.1,,6,reviewed,us,us
2005-02-08T03:35:04.840Z,27.738,86.092,10,4.9,mb,99,81.2,,0.86,us,usp000dfpt,2022-05-02T17:48:03.700Z,"28 km SSE of Kod?ri??, Nepal",earthquake,,,,63,reviewed,us,us
2005-02-08T01:51:35.940Z,27.82,86.033,14.4,4.2,mb,15,101.2,,1.89,us,usp000dfph,2014-11-07T01:24:57.154Z,"17 km SSE of Kod?ri??, Nepal",earthquake,,14.8,,8,reviewed,us,us
2004-07-20T03:35:51.080Z,27.938,85.793,13.1,4.1,mb,24,93.1,,1.07,us,usp000d0ha,2014-11-07T01:22:56.081Z,"16 km W of Kod?ri??, Nepal",earthquake,,6,,1,reviewed,us,us
2004-01-03T13:14:28.680Z,27.739,85.931,17.1,4.9,mb,83,80.7,,0.68,us,usp000cgyy,2014-11-07T01:20:57.875Z,"24 km S of Kod?ri??, Nepal",earthquake,,14.8,,33,reviewed,us,us
2001-07-16T16:12:46.750Z,27.957,85.178,33,5,mb,124,,,1,us,usp000ajnb,2022-04-29T19:26:34.041Z,"31 km NNW of Kathmandu, Nepal",earthquake,,,,65,reviewed,us,us
2001-04-03T23:08:35.920Z,27.801,86.127,33,4.6,mb,68,,,0.99,us,usp000ach7,2014-11-07T01:12:31.411Z,"24 km SE of Kod?ri??, Nepal",earthquake,,,,21,reviewed,us,us
2000-01-20T12:54:24.340Z,27.785,85.813,33,4.4,mb,,,,1.18,us,usp0009mdv,2014-11-07T01:09:21.043Z,"24 km SW of Kod?ri??, Nepal",earthquake,,,,9,reviewed,us,us
