Station,SerialNum,Longitude,Latitude,UTM_E,UTM_N,Elev,JulDayN0,JulDayN1
2D01,453005558,85.5726643,27.832904,359436.604,3079510.077,823.65,102.5548264,128.5014699
2D03,453013225,85.5272561,27.8398116,354973.461,3080328.256,1698.51,102.3392708,127.2714699
2D04,453014085,85.5158578,27.8747526,353897.758,3084213.036,1806.87,97.3386458,124.4041782
2D05,453012585,85.540277,27.9006393,356336.12,3087052.236,1110.97,97.2468403,124.4720949
2D06,453011736,85.5459561,27.9565622,356968.784,3093241.508,1397.79,99.247581,126.1108912
2D07,453012816,85.5432866,27.9317589,356673.403,3090496.571,1802.28,99.3425579,126.5180903
2D08,453012674,85.5083482,27.9501591,353260.249,3092576.674,2510.64,99.4020255,126.4873032
2D09,453013433,85.5544999,27.9688629,357825.444,3094594.389,2354.5,99.1710069,126.5195949
2D10,453013734,85.5473276,27.7973138,356894.498,3075596.247,949.08,101.4646875,126.0618866
2D11,453014051,85.5610127,27.7760252,358215.185,3073221.776,926.84,101.1533681,126.0300116
2D12,453013726,85.5146063,27.8064069,353682.84,3076642.256,1084.26,101.4108912,126.0892014
2D13,453013832,85.4566594,27.8164667,347988.084,3077827.228,2140.77,101.2581597,126.2534144
2D14,453005624,85.4791609,27.9048463,350326.167,3087591.592,2172.1,97.4062616,126.4181829
2D15,453014303,85.4877085,27.8245429,351057.708,3078683.964,1294.71,101.3425579,126.1230903
2D16,453005805,85.5920743,27.8563479,361378.131,3082085.378,964.84,100.1319792,127.6742014
2D17,453013099,85.6079476,27.8246293,362901.284,3078553.393,1579.79,102.3753819,128.4292477
2D18,453013135,85.6211176,27.8963788,364287.912,3086487.949,1076.24,100.1728819,127.4903588
2D19,453005621,85.6582466,27.9428641,367999.09,3091597.495,2090.05,100.2616782,128.1564005
2D20,453005698,85.6725302,27.8765582,369324.756,3084236.095,2271.42,100.4830208,128.3132755
2D21,453005649,85.617848,27.7878418,363830.573,3074466.674,1601.5,102.4086921,128.406169
2D22,453012693,85.6618586,27.986411,368407.319,3096418.233,2001.64,100.3683218,127.4060764
A000,453013948,85.5719711,27.8406027,359378.265,3080363.832,1139.59,98.3335995,125.3227431
A001,453011822,85.5720898,27.84095,359390.401,3080402.173,1156.31,98.3177894,124.2835995
A002,453013959,85.5719573,27.8416417,359378.246,3080478.954,1189.79,98.2920023,125.7647569
A003,453012976,85.5720842,27.8424454,359391.777,3080567.858,1217.28,98.2733218,124.7371875
A004,453012086,85.572705,27.8434845,359454.253,3080682.274,1243.93,98.2497569,125.6336227
A005,453011821,85.5725972,27.8442863,359444.674,3080771.225,1272.99,98.2225579,125.5908681
A006,453014071,85.5724232,27.8446548,359428.013,3080812.255,1283.02,98.1841088,125.4346412
A007,453013128,85.5715817,27.8461448,359347.063,3080978.302,1340.74,98.1642245,125.0658681
A008,453012527,85.5708919,27.8471611,359280.444,3081091.69,1349.33,98.1412384,124.8273264
A009,453011958,85.5703512,27.8479667,359228.234,3081181.568,1364.27,98.123044,125.1457986
A010,453011980,85.5695472,27.8486281,359149.92,3081255.764,1368.17,98.1110764,125.2452199
A011,453013695,85.5687741,27.849813,359075.318,3081387.926,1396.36,98.1495023,125.4064236
A012,453013676,85.5683804,27.8508058,359037.834,3081498.377,1408.8,98.1611458,125.3211227
A013,453011681,85.5681385,27.8514601,359014.858,3081571.146,1417.01,98.1747106,125.1774884
A014,453011878,85.567301,27.8524474,358933.665,3081681.493,1443.6,98.1846644,125.8929745
A015,453012098,85.5671299,27.8532339,358917.835,3081768.833,1471.55,98.2006597,126.0542708
A016,453012071,85.5665409,27.8539742,358860.791,3081851.531,1480.95,98.2193634,125.6157292
A017,453013354,85.5670015,27.8546795,358907.057,3081929.135,1479.89,98.2349653,125.4291319
A018,453012105,85.5667567,27.8561752,358884.889,3082095.135,1477.26,98.2476736,124.7751736
A019,453013445,85.5664599,27.8569438,358856.662,3082180.626,1485.82,98.334919,125.6637847
A020,453012690,85.5669066,27.8580607,358902.092,3082303.858,1500.75,98.3216088,125.9871412
A021,453011759,85.5662333,27.8588691,358836.84,3082394.196,1500.25,98.3164005,125.5872106
A022,453005695,85.5667624,27.860258,358890.739,3082547.472,1529.88,98.2900579,125.4200347
A023,453012596,85.5665509,27.8609792,358870.85,3082627.619,1532.92,98.2596875,125.7374421
A024,453011800,85.5671219,27.8614609,358927.702,3082680.329,1539.66,98.2902894,125.5569329
A025,453012381,85.5674673,27.8622402,358962.713,3082766.268,1556.7,98.2290162,125.3895486
A026,453013587,85.5675095,27.8631588,358968.059,3082867.998,1558.21,98.1947106,125.2288542
A027,453012064,85.5682832,27.8639709,359045.297,3082957.087,1556.21,98.1464931,125.0309144
A028,453005543,85.5675109,27.8647995,358970.327,3083049.778,1552.08,98.2221412,126.6362847
A029,453012709,85.5680854,27.8660089,359028.455,3083183.108,1560.76,98.1917014,125.4253125
A030,453013405,85.5686665,27.8670576,359087.031,3083298.63,1564.16,98.2387384,125.5709375
A031,453005633,85.5687457,27.8677146,359095.68,3083371.329,1558.56,98.1759375,127.1292477
A032,453013220,85.5687792,27.8686965,359100.245,3083480.077,1558.09,98.2596875,125.0199421
A033,453013159,85.5689097,27.8697407,359114.45,3083595.615,1569.44,98.1498032,125.0720023
A034,453012993,85.5697232,27.8703689,359195.355,3083664.276,1571.52,98.2808218,125.0644097
A035,453005709,85.5704218,27.8716868,359265.836,3083809.486,1567.19,101.4873032,129.9914468
A036,453013322,85.5702916,27.8727482,359254.391,3083927.232,1579.22,98.1301273,124.9506597
A037,453005520,85.5703845,27.8730851,359263.976,3083964.454,1586.97,98.2526505,126.3351505
A038,453013603,85.5702852,27.8742176,359255.663,3084090.041,1607.74,98.239919,125.5110069
A039,453013835,85.5700938,27.8752143,359238.111,3084200.686,1637.88,98.2151736,125.623206
A040,453012654,85.5697474,27.8759618,359204.971,3084283.903,1651.64,98.226169,125.6069792
A041,453012223,85.569007,27.8768968,359133.286,3084388.343,1673.28,98.2018403,125.0898727
A042,453013387,85.5693037,27.8778339,359163.713,3084491.824,1692.2,98.1782755,124.3204745
A043,453012417,85.5698904,27.8788203,359222.742,3084600.442,1731.38,98.1645486,124.960081
A044,453014312,85.5692994,27.8795804,359165.549,3084685.335,1755.57,98.1415625,125.3040394
A045,453013787,85.5693141,27.8804444,359168.108,3084781.036,1782.31,98.1251968,125.4246181
A046,453014297,85.5695264,27.8814803,359190.348,3084895.563,1810.86,101.2954745,127.8396412
A047,453012096,85.5680381,27.8824902,359045.137,3085009.172,1830.92,101.2810764,128.0743866
A048,453011865,85.5674755,27.8832505,358990.736,3085094.048,1856.99,101.268044,127.3730208
A049,453012031,85.5675662,27.884261,359000.978,3085205.904,1893.7,101.253669,128.9480903
A050,453005498,85.5682366,27.8850844,359068.04,3085296.362,1918.68,101.2405903,130.2716782
A051,453011801,85.5696076,27.8858361,359203.985,3085378.065,1958.92,101.231169,129.2814236
A052,453011850,85.5708843,27.8866711,359330.745,3085469.112,1969.05,101.2207986,128.9796644
A053,453005548,85.5713813,27.8876969,359380.996,3085582.186,1971.77,101.2102199,130.2518634
A054,453014189,85.5715893,27.8885397,359402.563,3085675.322,1975.9,101.1967708,128.6011921
A056,453013699,85.5741276,27.8899816,359654.29,3085832.173,1963.28,98.3597106,125.7252431
A057,453005741,85.5739431,27.8907652,359637.143,3085919.198,1953.81,98.3583912,126.8842014
A058,453012171,85.5740922,27.8918025,359653.152,3086033.948,1950.03,101.4523958,129.098206
A059,453012779,85.5756096,27.8930428,359804.127,3086169.626,1959.51,98.3930208,126.0532755
A060,453012581,85.5762182,27.8942583,359865.597,3086303.604,1995.14,98.3976273,125.7023264
A061,453005559,85.5763682,27.8949186,359881.213,3086376.586,2009.32,101.4001042,130.1861921
A062,453014296,85.5766393,27.8958825,359909.143,3086483.065,2021.25,101.387419,127.6996181
A063,453013084,85.5777216,27.8968083,360016.866,3086584.4,2023.43,101.371169,128.9614236
A064,453011798,85.578657,27.8975798,360109.938,3086668.807,2040.24,101.3489236,128.5533449
A065,453013308,85.5790877,27.8984695,360153.476,3086766.893,2059.39,101.3344329,128.7519097
A066,453013535,85.5791572,27.8993361,360161.426,3086862.826,2077.49,101.3158681,128.971956
A067,453012199,85.5792655,27.900113,360173.086,3086948.779,2088.87,101.3034838,129.1798727
A068,453013368,85.5801788,27.901085,360264.235,3087055.423,2110.1,101.2808681,128.8533449
A069,453013637,85.5808268,27.9018787,360329.032,3087142.617,2120.25,101.2691088,128.3621412
A070,453013821,85.5818922,27.9030832,360435.444,3087274.854,2155.02,101.2378125,128.734456
A071,453011860,85.5826447,27.9039536,360510.628,3087370.433,2195.76,101.2040625,127.5840394
A072,453005487,85.5840462,27.9050146,360649.935,3087486.378,2250.42,101.1840625,130.110706
A073,453013995,85.5842876,27.9056688,360674.538,3087558.586,2277.68,101.1664236,128.049456
A074,453013698,85.5838596,27.9064766,360633.446,3087648.578,2307.04,101.3042708,128.6986921
A075,453012672,85.5832582,27.9076963,360575.811,3087784.396,2344.44,101.2971412,128.9207292
A076,453012368,85.5828904,27.9085494,360540.71,3087879.331,2364.24,101.2904282,128.6759606
A077,453013441,85.5837906,27.9092549,360630.211,3087956.47,2384.42,101.2808912,127.5394792
A078,453013319,85.5843215,27.9101729,360683.638,3088057.575,2395.19,101.2732755,127.8140856
A079,453013708,85.5847892,27.9110515,360730.797,3088154.385,2419.82,101.2635995,127.173044
A080,453005701,85.5851687,27.9118959,360769.232,3088247.507,2438.07,101.2444329,130.2491319
A081,453005628,85.5858236,27.9130872,360835.208,3088378.749,2446.56,101.2347569,130.0527894
A082,453014092,85.5868968,27.9138957,360941.869,3088467.102,2450.89,101.2265856,128.8501736
A083,453012203,85.587418,27.9147305,360994.227,3088559.004,2460.48,101.2177894,128.4822106
A084,453005565,85.5880752,27.9157543,361060.217,3088671.685,2460.41,101.2071181,130.0548727
A085,453014060,85.5887124,27.9165985,361124.008,3088764.488,2460.03,101.1968866,128.4888079
A086,453012579,85.5892517,27.9175456,361178.292,3088868.809,2464.36,101.1851736,128.6593171
A087,453014298,85.5903595,27.9181481,361288.085,3088934.307,2485.22,101.1676968,128.3171181
A088,453014217,85.5908994,27.9188747,361342.15,3089014.194,2458.23,101.1526273,129.0726042
A089,453005582,85.592504,27.9201567,361501.695,3089154.42,2492.27,101.1642245,130.1764468
A090,453005544,85.5924535,27.9210018,361497.807,3089248.103,2464.37,101.1812153,130.1745486
A091,453014096,85.593027,27.9221649,361555.719,3089376.313,2470.7,101.206956,128.545544
A092,453013782,85.5938635,27.923121,361639.259,3089481.297,2482.07,101.216794,129.1090162
A093,453013880,85.5955069,27.9239457,361802.035,3089570.817,2541.48,100.289919,128.0784838
A094,453013506,85.5966128,27.9247973,361911.943,3089663.912,2571.33,101.3443403,128.5584838
A095,453014106,85.5978754,27.925748,362037.401,3089767.816,2602.26,101.3334144,126.4467245
A096,453014264,85.5980957,27.9264006,362059.908,3089839.878,2608.57,101.3256829,127.6639931
A097,453005480,85.5985215,27.9274187,362103.103,3089952.198,2620.24,101.3160301,130.1223958
A098,453012959,85.5985768,27.92819,362109.53,3090037.589,2616.7,101.3064931,127.1178588
A099,453005606,85.5986813,27.9291203,362120.99,3090140.538,2610.12,101.2944329,129.6197106
A100,453012340,85.5987923,27.9299861,362133.009,3090236.333,2599.69,101.2857523,127.4554745
A101,453011973,85.5987607,27.9308976,362131.061,3090337.356,2610.59,101.2751505,128.6029051
A102,453005574,85.5986281,27.9318249,362119.186,3090440.248,2617.43,101.261956,130.0919329
A103,453013887,85.5990654,27.9329439,362163.637,3090563.729,2636.97,101.1371412,128.4104514
A104,453012472,85.5989283,27.9337515,362151.172,3090653.367,2632.38,101.1350347,127.7091782
A105,453005495,85.5992474,27.9346442,362183.702,3090751.91,2635.87,101.1448264,128.2703588
A106,453005773,85.5995774,27.9356213,362217.422,3090859.79,2650.99,101.1556829,129.454294
A107,453013371,85.5992109,27.9365563,362182.544,3090963.791,2652.99,101.1763773,128.4941319
A108,453013847,85.5988365,27.9375047,362146.91,3091069.292,2640.88,101.1934375,127.8856366
A109,453013607,85.5981856,27.9383334,362083.914,3091161.836,2606.35,101.2108681,127.8883449
A110,453013234,85.597605,27.9392873,362027.997,3091268.18,2606.56,101.2279282,128.5570718
A111,453012919,85.5972699,27.9398493,361995.741,3091330.823,2603.19,101.302581,128.8700579
A112,453011774,85.5966977,27.9410614,361940.975,3091465.768,2640.83,101.3211458,128.7669792
A113,453012917,85.5963193,27.9419437,361904.871,3091563.945,2632.4,101.3460995,129.1999653
A114,453013926,85.595637,27.9425947,361838.566,3091636.84,2599.48,101.3862616,127.9259606
A115,453020534,85.5968354,27.9436103,361957.772,3091748.01,2595.8,101.4219097,128.9349421
A132,453012169,85.5903025,27.9591939,361334.912,3093481.959,2850.79,100.2842708,127.7484144
A133,453013568,85.5892437,27.9599662,361231.737,3093568.735,2903.41,100.2679514,127.4076505
A134,453012525,85.588821,27.9608906,361191.335,3093671.631,2913.22,100.2729282,127.7890162
A135,453012587,85.5884297,27.9617791,361153.98,3093770.511,2922.1,100.2560532,127.0288079
A136,453012826,85.588063,27.9625077,361118.836,3093851.658,2912.54,100.2475347,128.0714005
A137,453012025,85.5880486,27.9635491,361118.752,3093967.053,2929.91,100.2352894,124.8378125
A138,453013440,85.5880121,27.9644038,361116.259,3094061.782,2934.02,100.2371181,127.7137616
A139,453012615,85.5878036,27.9653644,361096.977,3094168.454,2946.05,100.2235764,127.3585532
A140,453013665,85.5876087,27.9660747,361078.722,3094247.368,2964.35,100.2208681,127.2052894
A141,453011733,85.5872772,27.9672376,361047.598,3094376.594,2984.62,100.2082986,127.6316088
A142,453013721,85.5868326,27.9679717,361004.803,3094458.433,2975.05,100.205706,127.8137384
A143,453013720,85.5868022,27.9689006,361003.003,3094561.379,2995.25,100.3650347,127.5989005
A144,453013001,85.5865222,27.969866,360976.696,3094668.655,3024.45,100.3969792,126.4225116
A145,453011838,85.5864428,27.9709555,360970.282,3094789.454,3077.89,100.3592014,128.5505671
A146,453012833,85.5861275,27.9716868,360940.211,3094870.836,3098.16,100.3687153,126.0848032
A147,453011983,85.5856245,27.9727094,360892.048,3094984.711,3124.57,100.3814005,127.8758218
A148,453012611,85.584847,27.973533,360816.621,3095076.845,3134.93,100.3310532,127.1816088
A149,453014141,85.5832788,27.9744963,360663.605,3095185.362,3184.28,100.3178588,127.5825579
A150,453013372,85.5823727,27.9752502,360575.45,3095269.921,3149.12,100.3051042,126.1809375
A151,453011833,85.5826375,27.9762152,360602.738,3095376.538,3137.87,100.2928356,127.2811458
A152,453013502,85.5823828,27.9770412,360578.743,3095468.35,3135.25,100.290544,127.2591319
A153,453013024,85.5825899,27.9779899,360600.334,3095573.224,3136.71,100.2562384,127.5567708
A154,453014285,85.5824351,27.978909,360586.291,3095675.223,3144.8,100.2481134,127.9578125
A155,453013447,85.5823734,27.9798179,360581.39,3095775.994,3157.17,100.2454745,127.6307292
A156,453005680,85.5822686,27.9807237,360572.249,3095876.471,3166.93,100.2364236,128.8803125
A157,453005542,85.582101,27.9814682,360556.723,3095959.155,3164.48,100.2318634,129.3112847
A158,453005690,85.581879,27.9825142,360536.24,3096075.296,3181.22,100.2255671,130.2694329
A159,453012720,85.5811812,27.9833937,360468.733,3096173.539,3195.49,100.2210995,127.5166319
A160,453019476,85.5810141,27.9845122,360453.738,3096297.653,3203.3,100.2126968,128.3085069
A161,453012079,85.5804673,27.9852269,360400.886,3096377.464,3194.21,100.2120949,127.5565162
A162,453013363,85.5799534,27.9861827,360351.567,3096483.946,3215.87,100.2031597,127.3289699
A163,453013949,85.5791603,27.9871598,360274.824,3096593.107,3221.96,100.1989468,127.4028125
A164,453012966,85.5784171,27.9880439,360202.878,3096691.914,3236.22,100.1921875,127.1544097
A165,453012178,85.5772756,27.988997,360091.839,3096798.816,3263.26,100.1819792,127.7847338
A166,453012633,85.5758451,27.9898,359952.188,3096889.432,3272.3,100.1760995,124.1591551
A167,453014072,85.5743677,27.990679,359808.027,3096988.518,3267.99,100.1645486,127.4431366
A168,453012783,85.5736132,27.9915309,359734.927,3097083.765,3258.02,100.1633912,126.9408681
A169,453012680,85.5724964,27.9924492,359626.283,3097186.787,3253.79,100.1545486,126.3314699
A170,453005648,85.5706309,27.9934381,359444.097,3097298.5,3296.26,100.1718403,129.0054282
A171,453005699,85.5689219,27.9942524,359277.084,3097390.69,3301.72,100.1903356,126.4401968
A172,453014247,85.5679623,27.9951559,359183.883,3097491.902,3268.04,100.2107292,125.1385069
A173,453011807,85.5679679,27.9961439,359185.72,3097601.359,3252.23,100.2202199,125.3855671
A174,453012373,85.567799,27.996886,359169,3097677,3232,100.2319329,121.820081
A175,453013994,85.5675402,27.9977716,359145.772,3097782.195,3215.69,100.2568403,127.5873727
A176,453012306,85.567509,27.9985798,359143.756,3097871.781,3207.33,100.271956,125.8402662
A177,453005671,85.5671395,27.9993693,359108.448,3097959.679,3208.87,100.2854745,113.212419
A178,453012765,85.5666251,28.0008262,359059.756,3098121.681,3173.17,100.3078125,127.026956
A179,453012131,85.5670772,28.0014729,359105.054,3098192.811,3196.67,100.3354977,126.5360301
A180,453012240,85.566654,28.0023924,359064.635,3098295.175,3213.78,100.3482755,124.9883218
A181,453013856,85.5666192,28.0033128,359062.416,3098397.2,3237.75,100.3614931,125.2428588
AX1,453012103,85.5709786,27.9926251,359477.235,3097208.025,3238.83,100.4353588,126.9264699
AX2,453014066,85.5701041,27.9926428,359391.256,3097211.002,3224.31,100.4482986,126.4085532
AX3,453019080,85.5691101,27.9922864,359293.037,3097172.657,3185.98,100.4522801,127.8375347
AX4,453012020,85.5678601,27.9919747,359169.697,3097139.567,3155.1,100.4749653,127.8354977
AX5,453005795,85.5974873,27.9403043,362017.705,3091380.987,2604.16,101.2598495,129.6515162
AX6,453012725,85.5980013,27.9408112,362068.931,3091436.568,2601.07,101.2764699,128.1614468
B01,453013061,85.566834,27.8658216,358904.999,3083163.798,1541.27,102.165544,129.1085764
B02,453012671,85.5662225,27.86583,358844.799,3083165.431,1535.28,102.1877662,129.6949653
B03,453014342,85.5656776,27.8659042,358791.243,3083174.28,1531.19,102.2009606,128.9728819
B04,453012541,85.5652455,27.8658717,358748.656,3083171.18,1527.07,102.2154514,129.368206
B05,453013156,85.5650147,27.8662942,358726.482,3083218.246,1507.85,102.2394329,129.9124653
B06,453013124,85.5641366,27.8666126,358640.431,3083254.536,1504.16,102.2552894,129.5019329
B07,453014348,85.563719,27.8664709,358599.134,3083239.321,1491.76,102.2694792,129.4605671
B08,453013955,85.5632043,27.8667884,358548.869,3083275.089,1478.74,102.290544,129.8785764
B09,453005681,85.5626447,27.8672736,358494.4,3083329.498,1458.28,102.3173032,130.4245023
B10,453014079,85.5623056,27.8658015,358459.103,3083166.791,1422.7,102.1697106,129.7691319
B11,453012570,85.5615915,27.8669714,358390.307,3083297.227,1416.73,102.1799884,128.7133218
B12,453012552,85.5612545,27.8674624,358357.77,3083352.021,1405.42,102.1918403,128.8368171
B13,453013037,85.5606169,27.8686289,358296.509,3083481.998,1366.52,102.2047106,129.1652431
B14,453011951,85.5599251,27.8680947,358227.701,3083423.617,1359.3,102.2169792,129.364456
B15,453014192,85.5597704,27.8670599,358211.113,3083309.139,1345.76,102.2335764,129.4654977
B16,453011886,85.5591847,27.8674573,358153.968,3083353.851,1332.51,102.2500116,129.7744329
B17,453013033,85.5583939,27.867014,358075.524,3083305.65,1302.71,102.258669,128.2067245
B18,453005769,85.5580298,27.8664299,358038.914,3083241.357,1287.29,102.2669329,131.1583218
B19,453012297,85.5576124,27.8659294,357997.161,3083186.394,1274.6,102.1635069,129.4934838
B20,453012682,85.5573076,27.866329,357967.681,3083231.016,1263.02,102.2091782,129.2422106
B22,453013133,85.5559952,27.866554,357838.754,3083257.463,1237.39,102.218206,128.5731829
B23,453013786,85.5557994,27.8658454,357818.542,3083179.181,1219.54,102.2334606,128.9542708
B24,453014142,85.5549759,27.8661198,357737.818,3083210.541,1205.19,102.2445486,129.6911921
B26,453005492,85.5539798,27.8659467,357639.515,3083192.521,1190.83,102.2519097,131.1552199
B27,453013414,85.5535018,27.8665679,357593.263,3083261.901,1179.88,102.1770718,129.9642708
B28,453012784,85.55309,27.8667588,357552.971,3083283.528,1167.31,102.1954745,128.5693403
B29,453011826,85.5524383,27.8675357,357489.812,3083370.358,1157.29,102.2138542,128.7202199
B31,453011969,85.5520198,27.8679907,357449.21,3083421.258,1145.91,102.2460995,129.0996875
B33,453012646,85.5511881,27.8674275,357366.579,3083359.826,1116.44,102.2706829,128.4839931
B34,453013511,85.5504638,27.8682978,357296.409,3083457.093,1096.35,102.2919329,129.5980208
B35,453012985,85.5500751,27.8688743,357258.89,3083521.417,1076.13,102.3080208,129.0893866
B36,453013155,85.5490998,27.8687943,357162.758,3083513.696,1086.54,102.358831,130.052419
B37,453012160,85.5484651,27.8685587,357099.96,3083488.337,1089.75,102.3398958,129.8895949
B38,453013656,85.5483223,27.8680862,357085.274,3083436.149,1074.46,102.161794,128.8870486
B39,453013017,85.5470497,27.8681328,356960.042,3083442.797,1073.15,102.1745486,128.8159144
B41,453014228,85.5461066,27.8677914,356866.734,3083406.075,1052.23,102.186956,129.1713773
B42,453013103,85.5462644,27.8691531,356884.057,3083556.758,1029.3,102.2004745,128.0835069
B43,453012158,85.5452316,27.8704284,356784.052,3083699.255,994.3,102.2227431,128.7124421
B46,453013042,85.5436996,27.8697468,356632.315,3083625.532,987.63,102.2387384,129.3264931
B48,453005798,85.5424897,27.8684154,356511.431,3083479.438,981.19,102.2489468,131.2058912
B50,453005770,85.5417732,27.86825,356440.671,3083461.948,977.88,102.2562153,129.6514699
BX1,453013341,85.5576794,27.8643914,358001.758,3083015.917,1276.95,102.1767245,129.9836458
BX2,453005705,85.5569232,27.863669,357926.357,3082936.751,1282.51,102.1859375,130.3836921
BX3,453013004,85.555964,27.8633309,357831.466,3082900.404,1276.82,102.1969329,128.9863773
C01,453005808,85.5665132,28.0003812,359048.177,3098072.514,3170.56,99.1683681,128.356956
C02,453005641,85.5661462,27.9992552,359010.617,3097948.184,3153.81,99.160081,129.7253356
C03,453005745,85.5655571,27.9986336,358951.875,3097879.994,3122.14,99.1802431,128.7641088
C04,453014338,85.5649962,27.9983535,358896.349,3097849.602,3110.99,99.1731597,125.1261921
C05,453012174,85.5645302,27.997998,358850.058,3097810.762,3090.21,99.1921875,126.3766088
C06,453013681,85.5640247,27.9983441,358800.805,3097849.691,3066.88,99.1852199,126.2435532
C07,453013206,85.5635871,27.9982971,358757.708,3097844.986,3046.58,99.2034606,126.4937153
C08,453012861,85.5630752,27.9977246,358706.613,3097782.156,2990.38,99.1974884,126.3838542
C09,453013018,85.5625264,27.9971447,358651.891,3097718.532,2950.41,99.2217708,126.3964699
C10,453011916,85.5619733,27.9973079,358597.714,3097737.262,2919.93,99.2098958,127.1909838
C11,453013009,85.5615516,27.9976455,358556.678,3097775.149,2904.65,99.234294,127.1012153
C12,453005610,85.5609825,27.9975847,358500.633,3097769.074,2874.78,99.2208912,129.2117014
C13,453013182,85.5604739,27.9974843,358450.484,3097758.546,2849.7,99.245544,127.2677662
C14,453011929,85.5599517,27.9976422,358399.339,3097776.639,2827.83,99.234456,126.2149884
C15,453005477,85.5594153,27.9975424,358346.46,3097766.203,2799.63,99.2665625,128.365706
C16,453013231,85.5590425,27.998157,358310.601,3097834.741,2787.78,99.2444097,127.1226736
C17,453005739,85.5584436,27.9979385,358251.418,3097811.226,2769.29,99.2902894,128.335544
C18,453014309,85.5578958,27.9980905,358197.746,3097828.701,2757.54,99.2562616,126.2659606
C19,453012514,85.5574526,27.9978016,358153.778,3097797.203,2744.17,99.3045023,126.8272569
C20,453012135,85.5569965,27.9978134,358108.945,3097799.045,2723.21,99.2660995,126.3552431
C21,453019137,85.5565427,27.9977731,358064.263,3097795.109,2705.09,99.3154282,126.2979282
C22,453013028,85.5559691,27.998178,358008.383,3097840.64,2661.57,99.2779745,126.1157292
C23,453005569,85.5555113,27.9985659,357963.875,3097884.148,2627.82,99.3354514,128.3087616
C24,453013267,85.5548955,27.9985733,357903.323,3097885.686,2608.19,99.2913542,126.9979977
C25,453013792,85.5543497,27.9985194,357849.573,3097880.347,2590.39,99.3052894,126.7458218
C41,453013407,85.5547209,28.00062,357888.837,3098112.652,2546.92,99.1242477,126.4653588
C42,453011866,85.5542701,28.0012117,357845.279,3098178.735,2531.16,99.1354051,126.7759375
C43,453013504,85.5539173,28.0020569,357811.699,3098272.786,2512.35,99.1488542,126.5010532
C44,453013752,85.5532483,28.0020726,357745.927,3098275.302,2503.74,99.1643866,124.8313079
C45,453012314,85.5528283,28.0019378,357704.455,3098260.858,2501.55,99.1741088,126.2407523
C46,453012862,85.5524655,28.0020126,357668.875,3098269.575,2483.75,99.1753356,125.9772569
C47,453013755,85.5517558,28.0024826,357599.698,3098322.477,2461.25,99.1980208,126.6921644
C48,453013276,85.551141,28.0024738,357539.233,3098322.22,2463.56,99.1863542,126.4771644
C49,453012901,85.5506228,28.0021819,357487.885,3098290.478,2449.72,99.2141551,126.1244097
C50,453013581,85.5501997,28.0021692,357446.267,3098289.565,2437.36,99.2075579,126.2303125
C51,453013078,85.5497667,28.0022459,357403.783,3098298.572,2422.02,99.2364931,125.790081
C52,453005488,85.5491847,28.0013903,357345.424,3098204.458,2384.42,99.2267708,127.2514699
C53,453013211,85.5486583,28.0017177,357294.089,3098241.349,2369.43,99.2606134,126.4725347
C54,453012097,85.548182,28.0017341,357247.272,3098243.718,2359.74,99.2398495,126.8356597
C55,453014023,85.5475981,28.0019759,357190.176,3098271.194,2323.85,99.2604514,126.0309838
C56,453013409,85.5471786,28.0023291,357149.386,3098310.823,2304.02,99.3051736,126.9154282
C57,453012886,85.5466807,28.0027237,357100.947,3098355.125,2289.85,99.3106134,126.6761458
C58,453011762,85.546135,28.0025158,357047.001,3098332.722,2267.77,99.3171412,125.8546181
C59,453014318,85.5457199,28.0022762,357005.869,3098306.671,2256.96,99.3332755,126.8757755
C60,453011678,85.5451637,28.0022327,356951.112,3098302.498,2233.06,99.339919,126.5696181
C61,453012841,85.5447526,28.0021874,356910.628,3098297.959,2232.39,99.3591088,127.418831
C62,453014352,85.5441616,28.0020289,356852.298,3098281.091,2206.72,99.3597106,126.4532986
C63,453013543,85.543577,28.0026227,356795.602,3098347.568,2195.27,99.3729977,126.3804745
C64,453005511,85.5427848,28.0030167,356718.214,3098392.156,2167.77,99.3820486,128.4873032
C65,453013232,85.5426938,28.0016213,356707.418,3098237.659,2157.11,99.3942245,127.0999653
C67,453012028,85.5420965,28.0006626,356647.415,3098132.139,2136.15,99.1508912,127.0278125
C68,453014206,85.5419978,28.0015011,356638.819,3098225.153,2126.68,99.1693634,126.8146181
C69,453005666,85.5417508,28.0021091,356615.334,3098292.811,2117.6,99.1877431,126.9604977
C70,453013627,85.5414963,28.0027724,356591.18,3098366.603,2110.36,99.2001736,126.4420949
C71,453013563,85.5401933,28.0032796,356463.722,3098424.331,2035.98,99.2258681,125.9405671
C72,453012926,85.5391915,28.0044958,356366.821,3098560.257,2001.27,99.2409375,126.5664931
C73,453014263,85.5387266,28.0052433,356322.095,3098643.624,1994.83,99.2526736,126.7126505
C74,453005668,85.5385532,28.0058814,356305.887,3098714.527,1990.07,99.2741551,129.2774884
C75,453011712,85.5382909,28.0064602,356280.863,3098778.962,1985.15,99.3360069,126.7945949
C76,453012338,85.5383705,28.007134,356289.593,3098853.527,1982.79,99.3460764,126.5896644
C77,453005591,85.537301,28.0081505,356185.768,3098967.404,1963.53,99.4597569,129.0655671
C78,453005518,85.5352554,28.0082878,355984.801,3098985.035,1926,99.3684375,128.0278588
C79,453012941,85.5344958,28.0092514,355911.391,3099092.7,1937.13,99.4406597,126.8928588
C80,453012930,85.5356437,28.0096215,356024.764,3099132.346,1919.05,99.4093403,126.8018171
C81,453013434,85.5358614,28.0103205,356047.097,3099209.538,1911.94,99.4219097,126.5877199
C90,453012771,85.5518646,27.9972969,357603.58,3097747.792,2561.39,100.0530208,127.3746875
C99,453012491,85.5659853,27.9983802,358993.658,3097851.424,3140.69,100.402419,128.0012847